,Date,Rate
0,2025-03-31 00:00:00+03:00,21.0
1,2025-03-28 00:00:00+03:00,21.0
2,2025-03-27 00:00:00+03:00,21.0
3,2025-03-26 00:00:00+03:00,21.0
4,2025-03-25 00:00:00+03:00,21.0
5,2025-03-24 00:00:00+03:00,21.0
6,2025-03-21 00:00:00+03:00,21.0
7,2025-03-20 00:00:00+03:00,21.0
8,2025-03-19 00:00:00+03:00,21.0
9,2025-03-18 00:00:00+03:00,21.0
10,2025-03-17 00:00:00+03:00,21.0
11,2025-03-14 00:00:00+03:00,21.0
12,2025-03-13 00:00:00+03:00,21.0
13,2025-03-12 00:00:00+03:00,21.0
14,2025-03-11 00:00:00+03:00,21.0
15,2025-03-10 00:00:00+03:00,21.0
16,2025-03-07 00:00:00+03:00,21.0
17,2025-03-06 00:00:00+03:00,21.0
18,2025-03-05 00:00:00+03:00,21.0
19,2025-03-04 00:00:00+03:00,21.0
20,2025-03-03 00:00:00+03:00,21.0
21,2025-02-28 00:00:00+03:00,21.0
22,2025-02-27 00:00:00+03:00,21.0
23,2025-02-26 00:00:00+03:00,21.0
24,2025-02-25 00:00:00+03:00,21.0
25,2025-02-24 00:00:00+03:00,21.0
26,2025-02-21 00:00:00+03:00,21.0
27,2025-02-20 00:00:00+03:00,21.0
28,2025-02-19 00:00:00+03:00,21.0
29,2025-02-18 00:00:00+03:00,21.0
30,2025-02-17 00:00:00+03:00,21.0
31,2025-02-14 00:00:00+03:00,21.0
32,2025-02-13 00:00:00+03:00,21.0
33,2025-02-12 00:00:00+03:00,21.0
34,2025-02-11 00:00:00+03:00,21.0
35,2025-02-10 00:00:00+03:00,21.0
36,2025-02-07 00:00:00+03:00,21.0
37,2025-02-06 00:00:00+03:00,21.0
38,2025-02-05 00:00:00+03:00,21.0
39,2025-02-04 00:00:00+03:00,21.0
40,2025-02-03 00:00:00+03:00,21.0
41,2025-01-31 00:00:00+03:00,21.0
42,2025-01-30 00:00:00+03:00,21.0
43,2025-01-29 00:00:00+03:00,21.0
44,2025-01-28 00:00:00+03:00,21.0
45,2025-01-27 00:00:00+03:00,21.0
46,2025-01-24 00:00:00+03:00,21.0
47,2025-01-23 00:00:00+03:00,21.0
48,2025-01-22 00:00:00+03:00,21.0
49,2025-01-21 00:00:00+03:00,21.0
50,2025-01-20 00:00:00+03:00,21.0
51,2025-01-17 00:00:00+03:00,21.0
52,2025-01-16 00:00:00+03:00,21.0
53,2025-01-15 00:00:00+03:00,21.0
54,2025-01-14 00:00:00+03:00,21.0
55,2025-01-13 00:00:00+03:00,21.0
56,2025-01-10 00:00:00+03:00,21.0
57,2025-01-09 00:00:00+03:00,21.0
58,2025-01-08 00:00:00+03:00,21.0
59,2025-01-06 00:00:00+03:00,21.0
60,2025-01-03 00:00:00+03:00,21.0
61,2024-12-30 00:00:00+03:00,21.0
62,2024-12-28 00:00:00+03:00,21.0
63,2024-12-27 00:00:00+03:00,21.0
64,2024-12-26 00:00:00+03:00,21.0
65,2024-12-25 00:00:00+03:00,21.0
66,2024-12-24 00:00:00+03:00,21.0
67,2024-12-23 00:00:00+03:00,21.0
68,2024-12-20 00:00:00+03:00,21.0
69,2024-12-19 00:00:00+03:00,21.0
70,2024-12-18 00:00:00+03:00,21.0
71,2024-12-17 00:00:00+03:00,21.0
72,2024-12-16 00:00:00+03:00,21.0
73,2024-12-13 00:00:00+03:00,21.0
74,2024-12-12 00:00:00+03:00,21.0
75,2024-12-11 00:00:00+03:00,21.0
76,2024-12-10 00:00:00+03:00,21.0
77,2024-12-09 00:00:00+03:00,21.0
78,2024-12-06 00:00:00+03:00,21.0
79,2024-12-05 00:00:00+03:00,21.0
80,2024-12-04 00:00:00+03:00,21.0
81,2024-12-03 00:00:00+03:00,21.0
82,2024-12-02 00:00:00+03:00,21.0
83,2024-11-29 00:00:00+03:00,21.0
84,2024-11-28 00:00:00+03:00,21.0
85,2024-11-27 00:00:00+03:00,21.0
86,2024-11-26 00:00:00+03:00,21.0
87,2024-11-25 00:00:00+03:00,21.0
88,2024-11-22 00:00:00+03:00,21.0
89,2024-11-21 00:00:00+03:00,21.0
90,2024-11-20 00:00:00+03:00,21.0
91,2024-11-19 00:00:00+03:00,21.0
92,2024-11-18 00:00:00+03:00,21.0
93,2024-11-15 00:00:00+03:00,21.0
94,2024-11-14 00:00:00+03:00,21.0
95,2024-11-13 00:00:00+03:00,21.0
96,2024-11-12 00:00:00+03:00,21.0
97,2024-11-11 00:00:00+03:00,21.0
98,2024-11-08 00:00:00+03:00,21.0
99,2024-11-07 00:00:00+03:00,21.0
100,2024-11-06 00:00:00+03:00,21.0
101,2024-11-05 00:00:00+03:00,21.0
102,2024-11-02 00:00:00+03:00,21.0
103,2024-11-01 00:00:00+03:00,21.0
104,2024-10-31 00:00:00+03:00,21.0
105,2024-10-30 00:00:00+03:00,21.0
106,2024-10-29 00:00:00+03:00,21.0
107,2024-10-28 00:00:00+03:00,21.0
108,2024-10-25 00:00:00+03:00,19.0
109,2024-10-24 00:00:00+03:00,19.0
110,2024-10-23 00:00:00+03:00,19.0
111,2024-10-22 00:00:00+03:00,19.0
112,2024-10-21 00:00:00+03:00,19.0
113,2024-10-18 00:00:00+03:00,19.0
114,2024-10-17 00:00:00+03:00,19.0
115,2024-10-16 00:00:00+03:00,19.0
116,2024-10-15 00:00:00+03:00,19.0
117,2024-10-14 00:00:00+03:00,19.0
118,2024-10-11 00:00:00+03:00,19.0
119,2024-10-10 00:00:00+03:00,19.0
120,2024-10-09 00:00:00+03:00,19.0
121,2024-10-08 00:00:00+03:00,19.0
122,2024-10-07 00:00:00+03:00,19.0
123,2024-10-04 00:00:00+03:00,19.0
124,2024-10-03 00:00:00+03:00,19.0
125,2024-10-02 00:00:00+03:00,19.0
126,2024-10-01 00:00:00+03:00,19.0
127,2024-09-30 00:00:00+03:00,19.0
128,2024-09-27 00:00:00+03:00,19.0
129,2024-09-26 00:00:00+03:00,19.0
130,2024-09-25 00:00:00+03:00,19.0
131,2024-09-24 00:00:00+03:00,19.0
132,2024-09-23 00:00:00+03:00,19.0
133,2024-09-20 00:00:00+03:00,19.0
134,2024-09-19 00:00:00+03:00,19.0
135,2024-09-18 00:00:00+03:00,19.0
136,2024-09-17 00:00:00+03:00,19.0
137,2024-09-16 00:00:00+03:00,19.0
138,2024-09-13 00:00:00+03:00,18.0
139,2024-09-12 00:00:00+03:00,18.0
140,2024-09-11 00:00:00+03:00,18.0
141,2024-09-10 00:00:00+03:00,18.0
142,2024-09-09 00:00:00+03:00,18.0
143,2024-09-06 00:00:00+03:00,18.0
144,2024-09-05 00:00:00+03:00,18.0
145,2024-09-04 00:00:00+03:00,18.0
146,2024-09-03 00:00:00+03:00,18.0
147,2024-09-02 00:00:00+03:00,18.0
148,2024-08-30 00:00:00+03:00,18.0
149,2024-08-29 00:00:00+03:00,18.0
150,2024-08-28 00:00:00+03:00,18.0
151,2024-08-27 00:00:00+03:00,18.0
152,2024-08-26 00:00:00+03:00,18.0
153,2024-08-23 00:00:00+03:00,18.0
154,2024-08-22 00:00:00+03:00,18.0
155,2024-08-21 00:00:00+03:00,18.0
156,2024-08-20 00:00:00+03:00,18.0
157,2024-08-19 00:00:00+03:00,18.0
158,2024-08-16 00:00:00+03:00,18.0
159,2024-08-15 00:00:00+03:00,18.0
160,2024-08-14 00:00:00+03:00,18.0
161,2024-08-13 00:00:00+03:00,18.0
162,2024-08-12 00:00:00+03:00,18.0
163,2024-08-09 00:00:00+03:00,18.0
164,2024-08-08 00:00:00+03:00,18.0
165,2024-08-07 00:00:00+03:00,18.0
166,2024-08-06 00:00:00+03:00,18.0
167,2024-08-05 00:00:00+03:00,18.0
168,2024-08-02 00:00:00+03:00,18.0
169,2024-08-01 00:00:00+03:00,18.0
170,2024-07-31 00:00:00+03:00,18.0
171,2024-07-30 00:00:00+03:00,18.0
172,2024-07-29 00:00:00+03:00,18.0
173,2024-07-26 00:00:00+03:00,16.0
174,2024-07-25 00:00:00+03:00,16.0
175,2024-07-24 00:00:00+03:00,16.0
176,2024-07-23 00:00:00+03:00,16.0
177,2024-07-22 00:00:00+03:00,16.0
178,2024-07-19 00:00:00+03:00,16.0
179,2024-07-18 00:00:00+03:00,16.0
180,2024-07-17 00:00:00+03:00,16.0
181,2024-07-16 00:00:00+03:00,16.0
182,2024-07-15 00:00:00+03:00,16.0
183,2024-07-12 00:00:00+03:00,16.0
184,2024-07-11 00:00:00+03:00,16.0
185,2024-07-10 00:00:00+03:00,16.0
186,2024-07-09 00:00:00+03:00,16.0
187,2024-07-08 00:00:00+03:00,16.0
188,2024-07-05 00:00:00+03:00,16.0
189,2024-07-04 00:00:00+03:00,16.0
190,2024-07-03 00:00:00+03:00,16.0
191,2024-07-02 00:00:00+03:00,16.0
192,2024-07-01 00:00:00+03:00,16.0
193,2024-06-28 00:00:00+03:00,16.0
194,2024-06-27 00:00:00+03:00,16.0
195,2024-06-26 00:00:00+03:00,16.0
196,2024-06-25 00:00:00+03:00,16.0
197,2024-06-24 00:00:00+03:00,16.0
198,2024-06-21 00:00:00+03:00,16.0
199,2024-06-20 00:00:00+03:00,16.0
200,2024-06-19 00:00:00+03:00,16.0
201,2024-06-18 00:00:00+03:00,16.0
202,2024-06-17 00:00:00+03:00,16.0
203,2024-06-14 00:00:00+03:00,16.0
204,2024-06-13 00:00:00+03:00,16.0
205,2024-06-11 00:00:00+03:00,16.0
206,2024-06-10 00:00:00+03:00,16.0
207,2024-06-07 00:00:00+03:00,16.0
208,2024-06-06 00:00:00+03:00,16.0
209,2024-06-05 00:00:00+03:00,16.0
210,2024-06-04 00:00:00+03:00,16.0
211,2024-06-03 00:00:00+03:00,16.0
212,2024-05-31 00:00:00+03:00,16.0
213,2024-05-30 00:00:00+03:00,16.0
214,2024-05-29 00:00:00+03:00,16.0
215,2024-05-28 00:00:00+03:00,16.0
216,2024-05-27 00:00:00+03:00,16.0
217,2024-05-24 00:00:00+03:00,16.0
218,2024-05-23 00:00:00+03:00,16.0
219,2024-05-22 00:00:00+03:00,16.0
220,2024-05-21 00:00:00+03:00,16.0
221,2024-05-20 00:00:00+03:00,16.0
222,2024-05-17 00:00:00+03:00,16.0
223,2024-05-16 00:00:00+03:00,16.0
224,2024-05-15 00:00:00+03:00,16.0
225,2024-05-14 00:00:00+03:00,16.0
226,2024-05-13 00:00:00+03:00,16.0
227,2024-05-10 00:00:00+03:00,16.0
228,2024-05-08 00:00:00+03:00,16.0
229,2024-05-07 00:00:00+03:00,16.0
230,2024-05-06 00:00:00+03:00,16.0
231,2024-05-03 00:00:00+03:00,16.0
232,2024-05-02 00:00:00+03:00,16.0
233,2024-04-30 00:00:00+03:00,16.0
234,2024-04-29 00:00:00+03:00,16.0
235,2024-04-27 00:00:00+03:00,16.0
236,2024-04-26 00:00:00+03:00,16.0
237,2024-04-25 00:00:00+03:00,16.0
238,2024-04-24 00:00:00+03:00,16.0
239,2024-04-23 00:00:00+03:00,16.0
240,2024-04-22 00:00:00+03:00,16.0
241,2024-04-19 00:00:00+03:00,16.0
242,2024-04-18 00:00:00+03:00,16.0
243,2024-04-17 00:00:00+03:00,16.0
244,2024-04-16 00:00:00+03:00,16.0
245,2024-04-15 00:00:00+03:00,16.0
246,2024-04-12 00:00:00+03:00,16.0
247,2024-04-11 00:00:00+03:00,16.0
248,2024-04-10 00:00:00+03:00,16.0
249,2024-04-09 00:00:00+03:00,16.0
250,2024-04-08 00:00:00+03:00,16.0
251,2024-04-05 00:00:00+03:00,16.0
252,2024-04-04 00:00:00+03:00,16.0
253,2024-04-03 00:00:00+03:00,16.0
254,2024-04-02 00:00:00+03:00,16.0
255,2024-04-01 00:00:00+03:00,16.0
256,2024-03-29 00:00:00+03:00,16.0
257,2024-03-28 00:00:00+03:00,16.0
258,2024-03-27 00:00:00+03:00,16.0
259,2024-03-26 00:00:00+03:00,16.0
260,2024-03-25 00:00:00+03:00,16.0
261,2024-03-22 00:00:00+03:00,16.0
262,2024-03-21 00:00:00+03:00,16.0
263,2024-03-20 00:00:00+03:00,16.0
264,2024-03-19 00:00:00+03:00,16.0
265,2024-03-18 00:00:00+03:00,16.0
266,2024-03-15 00:00:00+03:00,16.0
267,2024-03-14 00:00:00+03:00,16.0
268,2024-03-13 00:00:00+03:00,16.0
269,2024-03-12 00:00:00+03:00,16.0
270,2024-03-11 00:00:00+03:00,16.0
271,2024-03-07 00:00:00+03:00,16.0
272,2024-03-06 00:00:00+03:00,16.0
273,2024-03-05 00:00:00+03:00,16.0
274,2024-03-04 00:00:00+03:00,16.0
275,2024-03-01 00:00:00+03:00,16.0
276,2024-02-29 00:00:00+03:00,16.0
277,2024-02-28 00:00:00+03:00,16.0
278,2024-02-27 00:00:00+03:00,16.0
279,2024-02-26 00:00:00+03:00,16.0
280,2024-02-22 00:00:00+03:00,16.0
281,2024-02-21 00:00:00+03:00,16.0
282,2024-02-20 00:00:00+03:00,16.0
283,2024-02-19 00:00:00+03:00,16.0
284,2024-02-16 00:00:00+03:00,16.0
285,2024-02-15 00:00:00+03:00,16.0
286,2024-02-14 00:00:00+03:00,16.0
287,2024-02-13 00:00:00+03:00,16.0
288,2024-02-12 00:00:00+03:00,16.0
289,2024-02-09 00:00:00+03:00,16.0
290,2024-02-08 00:00:00+03:00,16.0
291,2024-02-07 00:00:00+03:00,16.0
292,2024-02-06 00:00:00+03:00,16.0
293,2024-02-05 00:00:00+03:00,16.0
294,2024-02-02 00:00:00+03:00,16.0
295,2024-02-01 00:00:00+03:00,16.0
296,2024-01-31 00:00:00+03:00,16.0
297,2024-01-30 00:00:00+03:00,16.0
298,2024-01-29 00:00:00+03:00,16.0
299,2024-01-26 00:00:00+03:00,16.0
300,2024-01-25 00:00:00+03:00,16.0
301,2024-01-24 00:00:00+03:00,16.0
302,2024-01-23 00:00:00+03:00,16.0
303,2024-01-22 00:00:00+03:00,16.0
304,2024-01-19 00:00:00+03:00,16.0
305,2024-01-18 00:00:00+03:00,16.0
306,2024-01-17 00:00:00+03:00,16.0
307,2024-01-16 00:00:00+03:00,16.0
308,2024-01-15 00:00:00+03:00,16.0
309,2024-01-12 00:00:00+03:00,16.0
310,2024-01-11 00:00:00+03:00,16.0
311,2024-01-10 00:00:00+03:00,16.0
312,2024-01-09 00:00:00+03:00,16.0
313,2024-01-08 00:00:00+03:00,16.0
314,2024-01-05 00:00:00+03:00,16.0
315,2024-01-04 00:00:00+03:00,16.0
316,2024-01-03 00:00:00+03:00,16.0
317,2023-12-29 00:00:00+03:00,16.0
318,2023-12-28 00:00:00+03:00,16.0
319,2023-12-27 00:00:00+03:00,16.0
320,2023-12-26 00:00:00+03:00,16.0
321,2023-12-25 00:00:00+03:00,16.0
322,2023-12-22 00:00:00+03:00,16.0
323,2023-12-21 00:00:00+03:00,16.0
324,2023-12-20 00:00:00+03:00,16.0
325,2023-12-19 00:00:00+03:00,16.0
326,2023-12-18 00:00:00+03:00,16.0
327,2023-12-15 00:00:00+03:00,15.0
328,2023-12-14 00:00:00+03:00,15.0
329,2023-12-13 00:00:00+03:00,15.0
330,2023-12-12 00:00:00+03:00,15.0
331,2023-12-11 00:00:00+03:00,15.0
332,2023-12-08 00:00:00+03:00,15.0
333,2023-12-07 00:00:00+03:00,15.0
334,2023-12-06 00:00:00+03:00,15.0
335,2023-12-05 00:00:00+03:00,15.0
336,2023-12-04 00:00:00+03:00,15.0
337,2023-12-01 00:00:00+03:00,15.0
338,2023-11-30 00:00:00+03:00,15.0
339,2023-11-29 00:00:00+03:00,15.0
340,2023-11-28 00:00:00+03:00,15.0
341,2023-11-27 00:00:00+03:00,15.0
342,2023-11-24 00:00:00+03:00,15.0
343,2023-11-23 00:00:00+03:00,15.0
344,2023-11-22 00:00:00+03:00,15.0
345,2023-11-21 00:00:00+03:00,15.0
346,2023-11-20 00:00:00+03:00,15.0
347,2023-11-17 00:00:00+03:00,15.0
348,2023-11-16 00:00:00+03:00,15.0
349,2023-11-15 00:00:00+03:00,15.0
350,2023-11-14 00:00:00+03:00,15.0
351,2023-11-13 00:00:00+03:00,15.0
352,2023-11-10 00:00:00+03:00,15.0
353,2023-11-09 00:00:00+03:00,15.0
354,2023-11-08 00:00:00+03:00,15.0
355,2023-11-07 00:00:00+03:00,15.0
356,2023-11-06 00:00:00+03:00,15.0
357,2023-11-03 00:00:00+03:00,15.0
358,2023-11-02 00:00:00+03:00,15.0
359,2023-11-01 00:00:00+03:00,15.0
360,2023-10-31 00:00:00+03:00,15.0
361,2023-10-30 00:00:00+03:00,15.0
362,2023-10-27 00:00:00+03:00,13.0
363,2023-10-26 00:00:00+03:00,13.0
364,2023-10-25 00:00:00+03:00,13.0
365,2023-10-24 00:00:00+03:00,13.0
366,2023-10-23 00:00:00+03:00,13.0
367,2023-10-20 00:00:00+03:00,13.0
368,2023-10-19 00:00:00+03:00,13.0
369,2023-10-18 00:00:00+03:00,13.0
370,2023-10-17 00:00:00+03:00,13.0
371,2023-10-16 00:00:00+03:00,13.0
372,2023-10-13 00:00:00+03:00,13.0
373,2023-10-12 00:00:00+03:00,13.0
374,2023-10-11 00:00:00+03:00,13.0
375,2023-10-10 00:00:00+03:00,13.0
376,2023-10-09 00:00:00+03:00,13.0
377,2023-10-06 00:00:00+03:00,13.0
378,2023-10-05 00:00:00+03:00,13.0
379,2023-10-04 00:00:00+03:00,13.0
380,2023-10-03 00:00:00+03:00,13.0
381,2023-10-02 00:00:00+03:00,13.0
382,2023-09-29 00:00:00+03:00,13.0
383,2023-09-28 00:00:00+03:00,13.0
384,2023-09-27 00:00:00+03:00,13.0
385,2023-09-26 00:00:00+03:00,13.0
386,2023-09-25 00:00:00+03:00,13.0
387,2023-09-22 00:00:00+03:00,13.0
388,2023-09-21 00:00:00+03:00,13.0
389,2023-09-20 00:00:00+03:00,13.0
390,2023-09-19 00:00:00+03:00,13.0
391,2023-09-18 00:00:00+03:00,13.0
392,2023-09-15 00:00:00+03:00,12.0
393,2023-09-14 00:00:00+03:00,12.0
394,2023-09-13 00:00:00+03:00,12.0
395,2023-09-12 00:00:00+03:00,12.0
396,2023-09-11 00:00:00+03:00,12.0
397,2023-09-08 00:00:00+03:00,12.0
398,2023-09-07 00:00:00+03:00,12.0
399,2023-09-06 00:00:00+03:00,12.0
400,2023-09-05 00:00:00+03:00,12.0
401,2023-09-04 00:00:00+03:00,12.0
402,2023-09-01 00:00:00+03:00,12.0
403,2023-08-31 00:00:00+03:00,12.0
404,2023-08-30 00:00:00+03:00,12.0
405,2023-08-29 00:00:00+03:00,12.0
406,2023-08-28 00:00:00+03:00,12.0
407,2023-08-25 00:00:00+03:00,12.0
408,2023-08-24 00:00:00+03:00,12.0
409,2023-08-23 00:00:00+03:00,12.0
410,2023-08-22 00:00:00+03:00,12.0
411,2023-08-21 00:00:00+03:00,12.0
412,2023-08-18 00:00:00+03:00,12.0
413,2023-08-17 00:00:00+03:00,12.0
414,2023-08-16 00:00:00+03:00,12.0
415,2023-08-15 00:00:00+03:00,12.0
416,2023-08-14 00:00:00+03:00,8.5
417,2023-08-11 00:00:00+03:00,8.5
418,2023-08-10 00:00:00+03:00,8.5
419,2023-08-09 00:00:00+03:00,8.5
420,2023-08-08 00:00:00+03:00,8.5
421,2023-08-07 00:00:00+03:00,8.5
422,2023-08-04 00:00:00+03:00,8.5
423,2023-08-03 00:00:00+03:00,8.5
424,2023-08-02 00:00:00+03:00,8.5
425,2023-08-01 00:00:00+03:00,8.5
426,2023-07-31 00:00:00+03:00,8.5
427,2023-07-28 00:00:00+03:00,8.5
428,2023-07-27 00:00:00+03:00,8.5
429,2023-07-26 00:00:00+03:00,8.5
430,2023-07-25 00:00:00+03:00,8.5
431,2023-07-24 00:00:00+03:00,8.5
432,2023-07-21 00:00:00+03:00,7.5
433,2023-07-20 00:00:00+03:00,7.5
434,2023-07-19 00:00:00+03:00,7.5
435,2023-07-18 00:00:00+03:00,7.5
436,2023-07-17 00:00:00+03:00,7.5
437,2023-07-14 00:00:00+03:00,7.5
438,2023-07-13 00:00:00+03:00,7.5
439,2023-07-12 00:00:00+03:00,7.5
440,2023-07-11 00:00:00+03:00,7.5
441,2023-07-10 00:00:00+03:00,7.5
442,2023-07-07 00:00:00+03:00,7.5
443,2023-07-06 00:00:00+03:00,7.5
444,2023-07-05 00:00:00+03:00,7.5
445,2023-07-04 00:00:00+03:00,7.5
446,2023-07-03 00:00:00+03:00,7.5
447,2023-06-30 00:00:00+03:00,7.5
448,2023-06-29 00:00:00+03:00,7.5
449,2023-06-28 00:00:00+03:00,7.5
450,2023-06-27 00:00:00+03:00,7.5
451,2023-06-26 00:00:00+03:00,7.5
452,2023-06-23 00:00:00+03:00,7.5
453,2023-06-22 00:00:00+03:00,7.5
454,2023-06-21 00:00:00+03:00,7.5
455,2023-06-20 00:00:00+03:00,7.5
456,2023-06-19 00:00:00+03:00,7.5
457,2023-06-16 00:00:00+03:00,7.5
458,2023-06-15 00:00:00+03:00,7.5
459,2023-06-14 00:00:00+03:00,7.5
460,2023-06-13 00:00:00+03:00,7.5
461,2023-06-09 00:00:00+03:00,7.5
462,2023-06-08 00:00:00+03:00,7.5
463,2023-06-07 00:00:00+03:00,7.5
464,2023-06-06 00:00:00+03:00,7.5
465,2023-06-05 00:00:00+03:00,7.5
466,2023-06-02 00:00:00+03:00,7.5
467,2023-06-01 00:00:00+03:00,7.5
468,2023-05-31 00:00:00+03:00,7.5
469,2023-05-30 00:00:00+03:00,7.5
470,2023-05-29 00:00:00+03:00,7.5
471,2023-05-26 00:00:00+03:00,7.5
472,2023-05-25 00:00:00+03:00,7.5
473,2023-05-24 00:00:00+03:00,7.5
474,2023-05-23 00:00:00+03:00,7.5
475,2023-05-22 00:00:00+03:00,7.5
476,2023-05-19 00:00:00+03:00,7.5
477,2023-05-18 00:00:00+03:00,7.5
478,2023-05-17 00:00:00+03:00,7.5
479,2023-05-16 00:00:00+03:00,7.5
480,2023-05-15 00:00:00+03:00,7.5
481,2023-05-12 00:00:00+03:00,7.5
482,2023-05-11 00:00:00+03:00,7.5
483,2023-05-10 00:00:00+03:00,7.5
484,2023-05-08 00:00:00+03:00,7.5
485,2023-05-05 00:00:00+03:00,7.5
486,2023-05-04 00:00:00+03:00,7.5
487,2023-05-03 00:00:00+03:00,7.5
488,2023-05-02 00:00:00+03:00,7.5
489,2023-04-28 00:00:00+03:00,7.5
490,2023-04-27 00:00:00+03:00,7.5
491,2023-04-26 00:00:00+03:00,7.5
492,2023-04-25 00:00:00+03:00,7.5
493,2023-04-24 00:00:00+03:00,7.5
494,2023-04-21 00:00:00+03:00,7.5
495,2023-04-20 00:00:00+03:00,7.5
496,2023-04-19 00:00:00+03:00,7.5
497,2023-04-18 00:00:00+03:00,7.5
498,2023-04-17 00:00:00+03:00,7.5
499,2023-04-14 00:00:00+03:00,7.5
500,2023-04-13 00:00:00+03:00,7.5
501,2023-04-12 00:00:00+03:00,7.5
502,2023-04-11 00:00:00+03:00,7.5
503,2023-04-10 00:00:00+03:00,7.5
504,2023-04-07 00:00:00+03:00,7.5
505,2023-04-06 00:00:00+03:00,7.5
506,2023-04-05 00:00:00+03:00,7.5
507,2023-04-04 00:00:00+03:00,7.5
508,2023-04-03 00:00:00+03:00,7.5
509,2023-03-31 00:00:00+03:00,7.5
510,2023-03-30 00:00:00+03:00,7.5
511,2023-03-29 00:00:00+03:00,7.5
512,2023-03-28 00:00:00+03:00,7.5
513,2023-03-27 00:00:00+03:00,7.5
514,2023-03-24 00:00:00+03:00,7.5
515,2023-03-23 00:00:00+03:00,7.5
516,2023-03-22 00:00:00+03:00,7.5
517,2023-03-21 00:00:00+03:00,7.5
518,2023-03-20 00:00:00+03:00,7.5
519,2023-03-17 00:00:00+03:00,7.5
520,2023-03-16 00:00:00+03:00,7.5
521,2023-03-15 00:00:00+03:00,7.5
522,2023-03-14 00:00:00+03:00,7.5
523,2023-03-13 00:00:00+03:00,7.5
524,2023-03-10 00:00:00+03:00,7.5
525,2023-03-09 00:00:00+03:00,7.5
526,2023-03-07 00:00:00+03:00,7.5
527,2023-03-06 00:00:00+03:00,7.5
528,2023-03-03 00:00:00+03:00,7.5
529,2023-03-02 00:00:00+03:00,7.5
530,2023-03-01 00:00:00+03:00,7.5
531,2023-02-28 00:00:00+03:00,7.5
532,2023-02-27 00:00:00+03:00,7.5
533,2023-02-24 00:00:00+03:00,7.5
534,2023-02-22 00:00:00+03:00,7.5
535,2023-02-21 00:00:00+03:00,7.5
536,2023-02-20 00:00:00+03:00,7.5
537,2023-02-17 00:00:00+03:00,7.5
538,2023-02-16 00:00:00+03:00,7.5
539,2023-02-15 00:00:00+03:00,7.5
540,2023-02-14 00:00:00+03:00,7.5
541,2023-02-13 00:00:00+03:00,7.5
542,2023-02-10 00:00:00+03:00,7.5
543,2023-02-09 00:00:00+03:00,7.5
544,2023-02-08 00:00:00+03:00,7.5
545,2023-02-07 00:00:00+03:00,7.5
546,2023-02-06 00:00:00+03:00,7.5
547,2023-02-03 00:00:00+03:00,7.5
548,2023-02-02 00:00:00+03:00,7.5
549,2023-02-01 00:00:00+03:00,7.5
550,2023-01-31 00:00:00+03:00,7.5
551,2023-01-30 00:00:00+03:00,7.5
552,2023-01-27 00:00:00+03:00,7.5
553,2023-01-26 00:00:00+03:00,7.5
554,2023-01-25 00:00:00+03:00,7.5
555,2023-01-24 00:00:00+03:00,7.5
556,2023-01-23 00:00:00+03:00,7.5
557,2023-01-20 00:00:00+03:00,7.5
558,2023-01-19 00:00:00+03:00,7.5
559,2023-01-18 00:00:00+03:00,7.5
560,2023-01-17 00:00:00+03:00,7.5
561,2023-01-16 00:00:00+03:00,7.5
562,2023-01-13 00:00:00+03:00,7.5
563,2023-01-12 00:00:00+03:00,7.5
564,2023-01-11 00:00:00+03:00,7.5
565,2023-01-10 00:00:00+03:00,7.5
566,2023-01-09 00:00:00+03:00,7.5
567,2023-01-06 00:00:00+03:00,7.5
568,2023-01-05 00:00:00+03:00,7.5
569,2023-01-04 00:00:00+03:00,7.5
570,2023-01-03 00:00:00+03:00,7.5
571,2022-12-30 00:00:00+03:00,7.5
572,2022-12-29 00:00:00+03:00,7.5
573,2022-12-28 00:00:00+03:00,7.5
574,2022-12-27 00:00:00+03:00,7.5
575,2022-12-26 00:00:00+03:00,7.5
576,2022-12-23 00:00:00+03:00,7.5
577,2022-12-22 00:00:00+03:00,7.5
578,2022-12-21 00:00:00+03:00,7.5
579,2022-12-20 00:00:00+03:00,7.5
580,2022-12-19 00:00:00+03:00,7.5
581,2022-12-16 00:00:00+03:00,7.5
582,2022-12-15 00:00:00+03:00,7.5
583,2022-12-14 00:00:00+03:00,7.5
584,2022-12-13 00:00:00+03:00,7.5
585,2022-12-12 00:00:00+03:00,7.5
586,2022-12-09 00:00:00+03:00,7.5
587,2022-12-08 00:00:00+03:00,7.5
588,2022-12-07 00:00:00+03:00,7.5
589,2022-12-06 00:00:00+03:00,7.5
590,2022-12-05 00:00:00+03:00,7.5
591,2022-12-02 00:00:00+03:00,7.5
592,2022-12-01 00:00:00+03:00,7.5
593,2022-11-30 00:00:00+03:00,7.5
594,2022-11-29 00:00:00+03:00,7.5
595,2022-11-28 00:00:00+03:00,7.5
596,2022-11-25 00:00:00+03:00,7.5
597,2022-11-24 00:00:00+03:00,7.5
598,2022-11-23 00:00:00+03:00,7.5
599,2022-11-22 00:00:00+03:00,7.5
600,2022-11-21 00:00:00+03:00,7.5
601,2022-11-18 00:00:00+03:00,7.5
602,2022-11-17 00:00:00+03:00,7.5
603,2022-11-16 00:00:00+03:00,7.5
604,2022-11-15 00:00:00+03:00,7.5
605,2022-11-14 00:00:00+03:00,7.5
606,2022-11-11 00:00:00+03:00,7.5
607,2022-11-10 00:00:00+03:00,7.5
608,2022-11-09 00:00:00+03:00,7.5
609,2022-11-08 00:00:00+03:00,7.5
610,2022-11-07 00:00:00+03:00,7.5
611,2022-11-03 00:00:00+03:00,7.5
612,2022-11-02 00:00:00+03:00,7.5
613,2022-11-01 00:00:00+03:00,7.5
614,2022-10-31 00:00:00+03:00,7.5
615,2022-10-28 00:00:00+03:00,7.5
616,2022-10-27 00:00:00+03:00,7.5
617,2022-10-26 00:00:00+03:00,7.5
618,2022-10-25 00:00:00+03:00,7.5
619,2022-10-24 00:00:00+03:00,7.5
620,2022-10-21 00:00:00+03:00,7.5
621,2022-10-20 00:00:00+03:00,7.5
622,2022-10-19 00:00:00+03:00,7.5
623,2022-10-18 00:00:00+03:00,7.5
624,2022-10-17 00:00:00+03:00,7.5
625,2022-10-14 00:00:00+03:00,7.5
626,2022-10-13 00:00:00+03:00,7.5
627,2022-10-12 00:00:00+03:00,7.5
628,2022-10-11 00:00:00+03:00,7.5
629,2022-10-10 00:00:00+03:00,7.5
630,2022-10-07 00:00:00+03:00,7.5
631,2022-10-06 00:00:00+03:00,7.5
632,2022-10-05 00:00:00+03:00,7.5
633,2022-10-04 00:00:00+03:00,7.5
634,2022-10-03 00:00:00+03:00,7.5
635,2022-09-30 00:00:00+03:00,7.5
636,2022-09-29 00:00:00+03:00,7.5
637,2022-09-28 00:00:00+03:00,7.5
638,2022-09-27 00:00:00+03:00,7.5
639,2022-09-26 00:00:00+03:00,7.5
640,2022-09-23 00:00:00+03:00,7.5
641,2022-09-22 00:00:00+03:00,7.5
642,2022-09-21 00:00:00+03:00,7.5
643,2022-09-20 00:00:00+03:00,7.5
644,2022-09-19 00:00:00+03:00,7.5
645,2022-09-16 00:00:00+03:00,8.0
646,2022-09-15 00:00:00+03:00,8.0
647,2022-09-14 00:00:00+03:00,8.0
648,2022-09-13 00:00:00+03:00,8.0
649,2022-09-12 00:00:00+03:00,8.0
650,2022-09-09 00:00:00+03:00,8.0
651,2022-09-08 00:00:00+03:00,8.0
652,2022-09-07 00:00:00+03:00,8.0
653,2022-09-06 00:00:00+03:00,8.0
654,2022-09-05 00:00:00+03:00,8.0
655,2022-09-02 00:00:00+03:00,8.0
656,2022-09-01 00:00:00+03:00,8.0
657,2022-08-31 00:00:00+03:00,8.0
658,2022-08-30 00:00:00+03:00,8.0
659,2022-08-29 00:00:00+03:00,8.0
660,2022-08-26 00:00:00+03:00,8.0
661,2022-08-25 00:00:00+03:00,8.0
662,2022-08-24 00:00:00+03:00,8.0
663,2022-08-23 00:00:00+03:00,8.0
664,2022-08-22 00:00:00+03:00,8.0
665,2022-08-19 00:00:00+03:00,8.0
666,2022-08-18 00:00:00+03:00,8.0
667,2022-08-17 00:00:00+03:00,8.0
668,2022-08-16 00:00:00+03:00,8.0
669,2022-08-15 00:00:00+03:00,8.0
670,2022-08-12 00:00:00+03:00,8.0
671,2022-08-11 00:00:00+03:00,8.0
672,2022-08-10 00:00:00+03:00,8.0
673,2022-08-09 00:00:00+03:00,8.0
674,2022-08-08 00:00:00+03:00,8.0
675,2022-08-05 00:00:00+03:00,8.0
676,2022-08-04 00:00:00+03:00,8.0
677,2022-08-03 00:00:00+03:00,8.0
678,2022-08-02 00:00:00+03:00,8.0
679,2022-08-01 00:00:00+03:00,8.0
680,2022-07-29 00:00:00+03:00,8.0
681,2022-07-28 00:00:00+03:00,8.0
682,2022-07-27 00:00:00+03:00,8.0
683,2022-07-26 00:00:00+03:00,8.0
684,2022-07-25 00:00:00+03:00,8.0
685,2022-07-22 00:00:00+03:00,9.5
686,2022-07-21 00:00:00+03:00,9.5
687,2022-07-20 00:00:00+03:00,9.5
688,2022-07-19 00:00:00+03:00,9.5
689,2022-07-18 00:00:00+03:00,9.5
690,2022-07-15 00:00:00+03:00,9.5
691,2022-07-14 00:00:00+03:00,9.5
692,2022-07-13 00:00:00+03:00,9.5
693,2022-07-12 00:00:00+03:00,9.5
694,2022-07-11 00:00:00+03:00,9.5
695,2022-07-08 00:00:00+03:00,9.5
696,2022-07-07 00:00:00+03:00,9.5
697,2022-07-06 00:00:00+03:00,9.5
698,2022-07-05 00:00:00+03:00,9.5
699,2022-07-04 00:00:00+03:00,9.5
700,2022-07-01 00:00:00+03:00,9.5
701,2022-06-30 00:00:00+03:00,9.5
702,2022-06-29 00:00:00+03:00,9.5
703,2022-06-28 00:00:00+03:00,9.5
704,2022-06-27 00:00:00+03:00,9.5
705,2022-06-24 00:00:00+03:00,9.5
706,2022-06-23 00:00:00+03:00,9.5
707,2022-06-22 00:00:00+03:00,9.5
708,2022-06-21 00:00:00+03:00,9.5
709,2022-06-20 00:00:00+03:00,9.5
710,2022-06-17 00:00:00+03:00,9.5
711,2022-06-16 00:00:00+03:00,9.5
712,2022-06-15 00:00:00+03:00,9.5
713,2022-06-14 00:00:00+03:00,9.5
714,2022-06-10 00:00:00+03:00,11.0
715,2022-06-09 00:00:00+03:00,11.0
716,2022-06-08 00:00:00+03:00,11.0
717,2022-06-07 00:00:00+03:00,11.0
718,2022-06-06 00:00:00+03:00,11.0
719,2022-06-03 00:00:00+03:00,11.0
720,2022-06-02 00:00:00+03:00,11.0
721,2022-06-01 00:00:00+03:00,11.0
722,2022-05-31 00:00:00+03:00,11.0
723,2022-05-30 00:00:00+03:00,11.0
724,2022-05-27 00:00:00+03:00,11.0
725,2022-05-26 00:00:00+03:00,14.0
726,2022-05-25 00:00:00+03:00,14.0
727,2022-05-24 00:00:00+03:00,14.0
728,2022-05-23 00:00:00+03:00,14.0
729,2022-05-20 00:00:00+03:00,14.0
730,2022-05-19 00:00:00+03:00,14.0
731,2022-05-18 00:00:00+03:00,14.0
732,2022-05-17 00:00:00+03:00,14.0
733,2022-05-16 00:00:00+03:00,14.0
734,2022-05-13 00:00:00+03:00,14.0
735,2022-05-12 00:00:00+03:00,14.0
736,2022-05-11 00:00:00+03:00,14.0
737,2022-05-06 00:00:00+03:00,14.0
738,2022-05-05 00:00:00+03:00,14.0
739,2022-05-04 00:00:00+03:00,14.0
740,2022-04-29 00:00:00+03:00,17.0
741,2022-04-28 00:00:00+03:00,17.0
742,2022-04-27 00:00:00+03:00,17.0
743,2022-04-26 00:00:00+03:00,17.0
744,2022-04-25 00:00:00+03:00,17.0
745,2022-04-22 00:00:00+03:00,17.0
746,2022-04-21 00:00:00+03:00,17.0
747,2022-04-20 00:00:00+03:00,17.0
748,2022-04-19 00:00:00+03:00,17.0
749,2022-04-18 00:00:00+03:00,17.0
750,2022-04-15 00:00:00+03:00,17.0
751,2022-04-14 00:00:00+03:00,17.0
752,2022-04-13 00:00:00+03:00,17.0
753,2022-04-12 00:00:00+03:00,17.0
754,2022-04-11 00:00:00+03:00,17.0
755,2022-04-08 00:00:00+03:00,20.0
756,2022-04-07 00:00:00+03:00,20.0
757,2022-04-06 00:00:00+03:00,20.0
758,2022-04-05 00:00:00+03:00,20.0
759,2022-04-04 00:00:00+03:00,20.0
760,2022-04-01 00:00:00+03:00,20.0
761,2022-03-31 00:00:00+03:00,20.0
762,2022-03-30 00:00:00+03:00,20.0
763,2022-03-29 00:00:00+03:00,20.0
764,2022-03-28 00:00:00+03:00,20.0
765,2022-03-25 00:00:00+03:00,20.0
766,2022-03-24 00:00:00+03:00,20.0
767,2022-03-23 00:00:00+03:00,20.0
768,2022-03-22 00:00:00+03:00,20.0
769,2022-03-21 00:00:00+03:00,20.0
770,2022-03-18 00:00:00+03:00,20.0
771,2022-03-17 00:00:00+03:00,20.0
772,2022-03-16 00:00:00+03:00,20.0
773,2022-03-15 00:00:00+03:00,20.0
774,2022-03-14 00:00:00+03:00,20.0
775,2022-03-11 00:00:00+03:00,20.0
776,2022-03-10 00:00:00+03:00,20.0
777,2022-03-09 00:00:00+03:00,20.0
778,2022-03-05 00:00:00+03:00,20.0
779,2022-03-04 00:00:00+03:00,20.0
780,2022-03-03 00:00:00+03:00,20.0
781,2022-03-02 00:00:00+03:00,20.0
782,2022-03-01 00:00:00+03:00,20.0
783,2022-02-28 00:00:00+03:00,20.0
784,2022-02-25 00:00:00+03:00,9.5
785,2022-02-24 00:00:00+03:00,9.5
786,2022-02-23 00:00:00+03:00,9.5
787,2022-02-22 00:00:00+03:00,9.5
788,2022-02-21 00:00:00+03:00,9.5
789,2022-02-18 00:00:00+03:00,9.5
790,2022-02-17 00:00:00+03:00,9.5
791,2022-02-16 00:00:00+03:00,9.5
792,2022-02-15 00:00:00+03:00,9.5
793,2022-02-14 00:00:00+03:00,9.5
794,2022-02-11 00:00:00+03:00,8.5
795,2022-02-10 00:00:00+03:00,8.5
796,2022-02-09 00:00:00+03:00,8.5
797,2022-02-08 00:00:00+03:00,8.5
798,2022-02-07 00:00:00+03:00,8.5
799,2022-02-04 00:00:00+03:00,8.5
800,2022-02-03 00:00:00+03:00,8.5
801,2022-02-02 00:00:00+03:00,8.5
802,2022-02-01 00:00:00+03:00,8.5
803,2022-01-31 00:00:00+03:00,8.5
804,2022-01-28 00:00:00+03:00,8.5
805,2022-01-27 00:00:00+03:00,8.5
806,2022-01-26 00:00:00+03:00,8.5
807,2022-01-25 00:00:00+03:00,8.5
808,2022-01-24 00:00:00+03:00,8.5
809,2022-01-21 00:00:00+03:00,8.5
810,2022-01-20 00:00:00+03:00,8.5
811,2022-01-19 00:00:00+03:00,8.5
812,2022-01-18 00:00:00+03:00,8.5
813,2022-01-17 00:00:00+03:00,8.5
814,2022-01-14 00:00:00+03:00,8.5
815,2022-01-13 00:00:00+03:00,8.5
816,2022-01-12 00:00:00+03:00,8.5
817,2022-01-11 00:00:00+03:00,8.5
818,2022-01-10 00:00:00+03:00,8.5
819,2022-01-06 00:00:00+03:00,8.5
820,2022-01-05 00:00:00+03:00,8.5
821,2022-01-04 00:00:00+03:00,8.5
822,2022-01-03 00:00:00+03:00,8.5
823,2021-12-30 00:00:00+03:00,8.5
824,2021-12-29 00:00:00+03:00,8.5
825,2021-12-28 00:00:00+03:00,8.5
826,2021-12-27 00:00:00+03:00,8.5
827,2021-12-24 00:00:00+03:00,8.5
828,2021-12-23 00:00:00+03:00,8.5
829,2021-12-22 00:00:00+03:00,8.5
830,2021-12-21 00:00:00+03:00,8.5
831,2021-12-20 00:00:00+03:00,8.5
832,2021-12-17 00:00:00+03:00,7.5
833,2021-12-16 00:00:00+03:00,7.5
834,2021-12-15 00:00:00+03:00,7.5
835,2021-12-14 00:00:00+03:00,7.5
836,2021-12-13 00:00:00+03:00,7.5
837,2021-12-10 00:00:00+03:00,7.5
838,2021-12-09 00:00:00+03:00,7.5
839,2021-12-08 00:00:00+03:00,7.5
840,2021-12-07 00:00:00+03:00,7.5
841,2021-12-06 00:00:00+03:00,7.5
842,2021-12-03 00:00:00+03:00,7.5
843,2021-12-02 00:00:00+03:00,7.5
844,2021-12-01 00:00:00+03:00,7.5
845,2021-11-30 00:00:00+03:00,7.5
846,2021-11-29 00:00:00+03:00,7.5
847,2021-11-26 00:00:00+03:00,7.5
848,2021-11-25 00:00:00+03:00,7.5
849,2021-11-24 00:00:00+03:00,7.5
850,2021-11-23 00:00:00+03:00,7.5
851,2021-11-22 00:00:00+03:00,7.5
852,2021-11-19 00:00:00+03:00,7.5
853,2021-11-18 00:00:00+03:00,7.5
854,2021-11-17 00:00:00+03:00,7.5
855,2021-11-16 00:00:00+03:00,7.5
856,2021-11-15 00:00:00+03:00,7.5
857,2021-11-12 00:00:00+03:00,7.5
858,2021-11-11 00:00:00+03:00,7.5
859,2021-11-10 00:00:00+03:00,7.5
860,2021-11-09 00:00:00+03:00,7.5
861,2021-11-08 00:00:00+03:00,7.5
862,2021-11-05 00:00:00+03:00,7.5
863,2021-11-03 00:00:00+03:00,7.5
864,2021-11-02 00:00:00+03:00,7.5
865,2021-11-01 00:00:00+03:00,7.5
866,2021-10-29 00:00:00+03:00,7.5
867,2021-10-28 00:00:00+03:00,7.5
868,2021-10-27 00:00:00+03:00,7.5
869,2021-10-26 00:00:00+03:00,7.5
870,2021-10-25 00:00:00+03:00,7.5
871,2021-10-22 00:00:00+03:00,6.75
872,2021-10-21 00:00:00+03:00,6.75
873,2021-10-20 00:00:00+03:00,6.75
874,2021-10-19 00:00:00+03:00,6.75
875,2021-10-18 00:00:00+03:00,6.75
876,2021-10-15 00:00:00+03:00,6.75
877,2021-10-14 00:00:00+03:00,6.75
878,2021-10-13 00:00:00+03:00,6.75
879,2021-10-12 00:00:00+03:00,6.75
880,2021-10-11 00:00:00+03:00,6.75
881,2021-10-08 00:00:00+03:00,6.75
882,2021-10-07 00:00:00+03:00,6.75
883,2021-10-06 00:00:00+03:00,6.75
884,2021-10-05 00:00:00+03:00,6.75
885,2021-10-04 00:00:00+03:00,6.75
886,2021-10-01 00:00:00+03:00,6.75
887,2021-09-30 00:00:00+03:00,6.75
888,2021-09-29 00:00:00+03:00,6.75
889,2021-09-28 00:00:00+03:00,6.75
890,2021-09-27 00:00:00+03:00,6.75
891,2021-09-24 00:00:00+03:00,6.75
892,2021-09-23 00:00:00+03:00,6.75
893,2021-09-22 00:00:00+03:00,6.75
894,2021-09-21 00:00:00+03:00,6.75
895,2021-09-20 00:00:00+03:00,6.75
896,2021-09-17 00:00:00+03:00,6.75
897,2021-09-16 00:00:00+03:00,6.75
898,2021-09-15 00:00:00+03:00,6.75
899,2021-09-14 00:00:00+03:00,6.75
900,2021-09-13 00:00:00+03:00,6.75
901,2021-09-10 00:00:00+03:00,6.5
902,2021-09-09 00:00:00+03:00,6.5
903,2021-09-08 00:00:00+03:00,6.5
904,2021-09-07 00:00:00+03:00,6.5
905,2021-09-06 00:00:00+03:00,6.5
906,2021-09-03 00:00:00+03:00,6.5
907,2021-09-02 00:00:00+03:00,6.5
908,2021-09-01 00:00:00+03:00,6.5
909,2021-08-31 00:00:00+03:00,6.5
910,2021-08-30 00:00:00+03:00,6.5
911,2021-08-27 00:00:00+03:00,6.5
912,2021-08-26 00:00:00+03:00,6.5
913,2021-08-25 00:00:00+03:00,6.5
914,2021-08-24 00:00:00+03:00,6.5
915,2021-08-23 00:00:00+03:00,6.5
916,2021-08-20 00:00:00+03:00,6.5
917,2021-08-19 00:00:00+03:00,6.5
918,2021-08-18 00:00:00+03:00,6.5
919,2021-08-17 00:00:00+03:00,6.5
920,2021-08-16 00:00:00+03:00,6.5
921,2021-08-13 00:00:00+03:00,6.5
922,2021-08-12 00:00:00+03:00,6.5
923,2021-08-11 00:00:00+03:00,6.5
924,2021-08-10 00:00:00+03:00,6.5
925,2021-08-09 00:00:00+03:00,6.5
926,2021-08-06 00:00:00+03:00,6.5
927,2021-08-05 00:00:00+03:00,6.5
928,2021-08-04 00:00:00+03:00,6.5
929,2021-08-03 00:00:00+03:00,6.5
930,2021-08-02 00:00:00+03:00,6.5
931,2021-07-30 00:00:00+03:00,6.5
932,2021-07-29 00:00:00+03:00,6.5
933,2021-07-28 00:00:00+03:00,6.5
934,2021-07-27 00:00:00+03:00,6.5
935,2021-07-26 00:00:00+03:00,6.5
936,2021-07-23 00:00:00+03:00,5.5
937,2021-07-22 00:00:00+03:00,5.5
938,2021-07-21 00:00:00+03:00,5.5
939,2021-07-20 00:00:00+03:00,5.5
940,2021-07-19 00:00:00+03:00,5.5
941,2021-07-16 00:00:00+03:00,5.5
942,2021-07-15 00:00:00+03:00,5.5
943,2021-07-14 00:00:00+03:00,5.5
944,2021-07-13 00:00:00+03:00,5.5
945,2021-07-12 00:00:00+03:00,5.5
946,2021-07-09 00:00:00+03:00,5.5
947,2021-07-08 00:00:00+03:00,5.5
948,2021-07-07 00:00:00+03:00,5.5
949,2021-07-06 00:00:00+03:00,5.5
950,2021-07-05 00:00:00+03:00,5.5
951,2021-07-02 00:00:00+03:00,5.5
952,2021-07-01 00:00:00+03:00,5.5
953,2021-06-30 00:00:00+03:00,5.5
954,2021-06-29 00:00:00+03:00,5.5
955,2021-06-28 00:00:00+03:00,5.5
956,2021-06-25 00:00:00+03:00,5.5
957,2021-06-24 00:00:00+03:00,5.5
958,2021-06-23 00:00:00+03:00,5.5
959,2021-06-22 00:00:00+03:00,5.5
960,2021-06-21 00:00:00+03:00,5.5
961,2021-06-18 00:00:00+03:00,5.5
962,2021-06-17 00:00:00+03:00,5.5
963,2021-06-16 00:00:00+03:00,5.5
964,2021-06-15 00:00:00+03:00,5.5
965,2021-06-14 00:00:00+03:00,5.0
966,2021-06-11 00:00:00+03:00,5.0
967,2021-06-10 00:00:00+03:00,5.0
968,2021-06-09 00:00:00+03:00,5.0
969,2021-06-08 00:00:00+03:00,5.0
970,2021-06-07 00:00:00+03:00,5.0
971,2021-06-04 00:00:00+03:00,5.0
972,2021-06-03 00:00:00+03:00,5.0
973,2021-06-02 00:00:00+03:00,5.0
974,2021-06-01 00:00:00+03:00,5.0
975,2021-05-31 00:00:00+03:00,5.0
976,2021-05-28 00:00:00+03:00,5.0
977,2021-05-27 00:00:00+03:00,5.0
978,2021-05-26 00:00:00+03:00,5.0
979,2021-05-25 00:00:00+03:00,5.0
980,2021-05-24 00:00:00+03:00,5.0
981,2021-05-21 00:00:00+03:00,5.0
982,2021-05-20 00:00:00+03:00,5.0
983,2021-05-19 00:00:00+03:00,5.0
984,2021-05-18 00:00:00+03:00,5.0
985,2021-05-17 00:00:00+03:00,5.0
986,2021-05-14 00:00:00+03:00,5.0
987,2021-05-13 00:00:00+03:00,5.0
988,2021-05-12 00:00:00+03:00,5.0
989,2021-05-11 00:00:00+03:00,5.0
990,2021-05-07 00:00:00+03:00,5.0
991,2021-05-06 00:00:00+03:00,5.0
992,2021-05-05 00:00:00+03:00,5.0
993,2021-05-04 00:00:00+03:00,5.0
994,2021-04-30 00:00:00+03:00,5.0
995,2021-04-29 00:00:00+03:00,5.0
996,2021-04-28 00:00:00+03:00,5.0
997,2021-04-27 00:00:00+03:00,5.0
998,2021-04-26 00:00:00+03:00,5.0
999,2021-04-23 00:00:00+03:00,4.5
1000,2021-04-22 00:00:00+03:00,4.5
1001,2021-04-21 00:00:00+03:00,4.5
1002,2021-04-20 00:00:00+03:00,4.5
1003,2021-04-19 00:00:00+03:00,4.5
1004,2021-04-16 00:00:00+03:00,4.5
1005,2021-04-15 00:00:00+03:00,4.5
1006,2021-04-14 00:00:00+03:00,4.5
1007,2021-04-13 00:00:00+03:00,4.5
1008,2021-04-12 00:00:00+03:00,4.5
1009,2021-04-09 00:00:00+03:00,4.5
1010,2021-04-08 00:00:00+03:00,4.5
1011,2021-04-07 00:00:00+03:00,4.5
1012,2021-04-06 00:00:00+03:00,4.5
1013,2021-04-05 00:00:00+03:00,4.5
1014,2021-04-02 00:00:00+03:00,4.5
1015,2021-04-01 00:00:00+03:00,4.5
1016,2021-03-31 00:00:00+03:00,4.5
1017,2021-03-30 00:00:00+03:00,4.5
1018,2021-03-29 00:00:00+03:00,4.5
1019,2021-03-26 00:00:00+03:00,4.5
1020,2021-03-25 00:00:00+03:00,4.5
1021,2021-03-24 00:00:00+03:00,4.5
1022,2021-03-23 00:00:00+03:00,4.5
1023,2021-03-22 00:00:00+03:00,4.5
1024,2021-03-19 00:00:00+03:00,4.25
1025,2021-03-18 00:00:00+03:00,4.25
1026,2021-03-17 00:00:00+03:00,4.25
1027,2021-03-16 00:00:00+03:00,4.25
1028,2021-03-15 00:00:00+03:00,4.25
1029,2021-03-12 00:00:00+03:00,4.25
1030,2021-03-11 00:00:00+03:00,4.25
1031,2021-03-10 00:00:00+03:00,4.25
1032,2021-03-09 00:00:00+03:00,4.25
1033,2021-03-05 00:00:00+03:00,4.25
1034,2021-03-04 00:00:00+03:00,4.25
1035,2021-03-03 00:00:00+03:00,4.25
1036,2021-03-02 00:00:00+03:00,4.25
1037,2021-03-01 00:00:00+03:00,4.25
1038,2021-02-26 00:00:00+03:00,4.25
1039,2021-02-25 00:00:00+03:00,4.25
1040,2021-02-24 00:00:00+03:00,4.25
1041,2021-02-22 00:00:00+03:00,4.25
1042,2021-02-20 00:00:00+03:00,4.25
1043,2021-02-19 00:00:00+03:00,4.25
1044,2021-02-18 00:00:00+03:00,4.25
1045,2021-02-17 00:00:00+03:00,4.25
1046,2021-02-16 00:00:00+03:00,4.25
1047,2021-02-15 00:00:00+03:00,4.25
1048,2021-02-12 00:00:00+03:00,4.25
1049,2021-02-11 00:00:00+03:00,4.25
1050,2021-02-10 00:00:00+03:00,4.25
1051,2021-02-09 00:00:00+03:00,4.25
1052,2021-02-08 00:00:00+03:00,4.25
1053,2021-02-05 00:00:00+03:00,4.25
1054,2021-02-04 00:00:00+03:00,4.25
1055,2021-02-03 00:00:00+03:00,4.25
1056,2021-02-02 00:00:00+03:00,4.25
1057,2021-02-01 00:00:00+03:00,4.25
1058,2021-01-29 00:00:00+03:00,4.25
1059,2021-01-28 00:00:00+03:00,4.25
1060,2021-01-27 00:00:00+03:00,4.25
1061,2021-01-26 00:00:00+03:00,4.25
1062,2021-01-25 00:00:00+03:00,4.25
1063,2021-01-22 00:00:00+03:00,4.25
1064,2021-01-21 00:00:00+03:00,4.25
1065,2021-01-20 00:00:00+03:00,4.25
1066,2021-01-19 00:00:00+03:00,4.25
1067,2021-01-18 00:00:00+03:00,4.25
1068,2021-01-15 00:00:00+03:00,4.25
1069,2021-01-14 00:00:00+03:00,4.25
1070,2021-01-13 00:00:00+03:00,4.25
1071,2021-01-12 00:00:00+03:00,4.25
1072,2021-01-11 00:00:00+03:00,4.25
1073,2021-01-08 00:00:00+03:00,4.25
1074,2021-01-06 00:00:00+03:00,4.25
1075,2021-01-05 00:00:00+03:00,4.25
1076,2021-01-04 00:00:00+03:00,4.25
1077,2020-12-31 00:00:00+03:00,4.25
1078,2020-12-30 00:00:00+03:00,4.25
1079,2020-12-29 00:00:00+03:00,4.25
1080,2020-12-28 00:00:00+03:00,4.25
1081,2020-12-25 00:00:00+03:00,4.25
1082,2020-12-24 00:00:00+03:00,4.25
1083,2020-12-23 00:00:00+03:00,4.25
1084,2020-12-22 00:00:00+03:00,4.25
1085,2020-12-21 00:00:00+03:00,4.25
1086,2020-12-18 00:00:00+03:00,4.25
1087,2020-12-17 00:00:00+03:00,4.25
1088,2020-12-16 00:00:00+03:00,4.25
1089,2020-12-15 00:00:00+03:00,4.25
1090,2020-12-14 00:00:00+03:00,4.25
1091,2020-12-11 00:00:00+03:00,4.25
1092,2020-12-10 00:00:00+03:00,4.25
1093,2020-12-09 00:00:00+03:00,4.25
1094,2020-12-08 00:00:00+03:00,4.25
1095,2020-12-07 00:00:00+03:00,4.25
1096,2020-12-04 00:00:00+03:00,4.25
1097,2020-12-03 00:00:00+03:00,4.25
1098,2020-12-02 00:00:00+03:00,4.25
1099,2020-12-01 00:00:00+03:00,4.25
1100,2020-11-30 00:00:00+03:00,4.25
1101,2020-11-27 00:00:00+03:00,4.25
1102,2020-11-26 00:00:00+03:00,4.25
1103,2020-11-25 00:00:00+03:00,4.25
1104,2020-11-24 00:00:00+03:00,4.25
1105,2020-11-23 00:00:00+03:00,4.25
1106,2020-11-20 00:00:00+03:00,4.25
1107,2020-11-19 00:00:00+03:00,4.25
1108,2020-11-18 00:00:00+03:00,4.25
1109,2020-11-17 00:00:00+03:00,4.25
1110,2020-11-16 00:00:00+03:00,4.25
1111,2020-11-13 00:00:00+03:00,4.25
1112,2020-11-12 00:00:00+03:00,4.25
1113,2020-11-11 00:00:00+03:00,4.25
1114,2020-11-10 00:00:00+03:00,4.25
1115,2020-11-09 00:00:00+03:00,4.25
1116,2020-11-06 00:00:00+03:00,4.25
1117,2020-11-05 00:00:00+03:00,4.25
1118,2020-11-03 00:00:00+03:00,4.25
1119,2020-11-02 00:00:00+03:00,4.25
1120,2020-10-30 00:00:00+03:00,4.25
1121,2020-10-29 00:00:00+03:00,4.25
1122,2020-10-28 00:00:00+03:00,4.25
1123,2020-10-27 00:00:00+03:00,4.25
1124,2020-10-26 00:00:00+03:00,4.25
1125,2020-10-23 00:00:00+03:00,4.25
1126,2020-10-22 00:00:00+03:00,4.25
1127,2020-10-21 00:00:00+03:00,4.25
1128,2020-10-20 00:00:00+03:00,4.25
1129,2020-10-19 00:00:00+03:00,4.25
1130,2020-10-16 00:00:00+03:00,4.25
1131,2020-10-15 00:00:00+03:00,4.25
1132,2020-10-14 00:00:00+03:00,4.25
1133,2020-10-13 00:00:00+03:00,4.25
1134,2020-10-12 00:00:00+03:00,4.25
1135,2020-10-09 00:00:00+03:00,4.25
1136,2020-10-08 00:00:00+03:00,4.25
1137,2020-10-07 00:00:00+03:00,4.25
1138,2020-10-06 00:00:00+03:00,4.25
1139,2020-10-05 00:00:00+03:00,4.25
1140,2020-10-02 00:00:00+03:00,4.25
1141,2020-10-01 00:00:00+03:00,4.25
1142,2020-09-30 00:00:00+03:00,4.25
1143,2020-09-29 00:00:00+03:00,4.25
1144,2020-09-28 00:00:00+03:00,4.25
1145,2020-09-25 00:00:00+03:00,4.25
1146,2020-09-24 00:00:00+03:00,4.25
1147,2020-09-23 00:00:00+03:00,4.25
1148,2020-09-22 00:00:00+03:00,4.25
1149,2020-09-21 00:00:00+03:00,4.25
1150,2020-09-18 00:00:00+03:00,4.25
1151,2020-09-17 00:00:00+03:00,4.25
1152,2020-09-16 00:00:00+03:00,4.25
1153,2020-09-15 00:00:00+03:00,4.25
1154,2020-09-14 00:00:00+03:00,4.25
1155,2020-09-11 00:00:00+03:00,4.25
1156,2020-09-10 00:00:00+03:00,4.25
1157,2020-09-09 00:00:00+03:00,4.25
1158,2020-09-08 00:00:00+03:00,4.25
1159,2020-09-07 00:00:00+03:00,4.25
1160,2020-09-04 00:00:00+03:00,4.25
1161,2020-09-03 00:00:00+03:00,4.25
1162,2020-09-02 00:00:00+03:00,4.25
1163,2020-09-01 00:00:00+03:00,4.25
1164,2020-08-31 00:00:00+03:00,4.25
1165,2020-08-28 00:00:00+03:00,4.25
1166,2020-08-27 00:00:00+03:00,4.25
1167,2020-08-26 00:00:00+03:00,4.25
1168,2020-08-25 00:00:00+03:00,4.25
1169,2020-08-24 00:00:00+03:00,4.25
1170,2020-08-21 00:00:00+03:00,4.25
1171,2020-08-20 00:00:00+03:00,4.25
1172,2020-08-19 00:00:00+03:00,4.25
1173,2020-08-18 00:00:00+03:00,4.25
1174,2020-08-17 00:00:00+03:00,4.25
1175,2020-08-14 00:00:00+03:00,4.25
1176,2020-08-13 00:00:00+03:00,4.25
1177,2020-08-12 00:00:00+03:00,4.25
1178,2020-08-11 00:00:00+03:00,4.25
1179,2020-08-10 00:00:00+03:00,4.25
1180,2020-08-07 00:00:00+03:00,4.25
1181,2020-08-06 00:00:00+03:00,4.25
1182,2020-08-05 00:00:00+03:00,4.25
1183,2020-08-04 00:00:00+03:00,4.25
1184,2020-08-03 00:00:00+03:00,4.25
1185,2020-07-31 00:00:00+03:00,4.25
1186,2020-07-30 00:00:00+03:00,4.25
1187,2020-07-29 00:00:00+03:00,4.25
1188,2020-07-28 00:00:00+03:00,4.25
1189,2020-07-27 00:00:00+03:00,4.25
1190,2020-07-24 00:00:00+03:00,4.5
1191,2020-07-23 00:00:00+03:00,4.5
1192,2020-07-22 00:00:00+03:00,4.5
1193,2020-07-21 00:00:00+03:00,4.5
1194,2020-07-20 00:00:00+03:00,4.5
1195,2020-07-17 00:00:00+03:00,4.5
1196,2020-07-16 00:00:00+03:00,4.5
1197,2020-07-15 00:00:00+03:00,4.5
1198,2020-07-14 00:00:00+03:00,4.5
1199,2020-07-13 00:00:00+03:00,4.5
1200,2020-07-10 00:00:00+03:00,4.5
1201,2020-07-09 00:00:00+03:00,4.5
1202,2020-07-08 00:00:00+03:00,4.5
1203,2020-07-07 00:00:00+03:00,4.5
1204,2020-07-06 00:00:00+03:00,4.5
1205,2020-07-03 00:00:00+03:00,4.5
1206,2020-07-02 00:00:00+03:00,4.5
1207,2020-06-30 00:00:00+03:00,4.5
1208,2020-06-29 00:00:00+03:00,4.5
1209,2020-06-26 00:00:00+03:00,4.5
1210,2020-06-25 00:00:00+03:00,4.5
1211,2020-06-23 00:00:00+03:00,4.5
1212,2020-06-22 00:00:00+03:00,4.5
1213,2020-06-19 00:00:00+03:00,5.5
1214,2020-06-18 00:00:00+03:00,5.5
1215,2020-06-17 00:00:00+03:00,5.5
1216,2020-06-16 00:00:00+03:00,5.5
1217,2020-06-15 00:00:00+03:00,5.5
1218,2020-06-11 00:00:00+03:00,5.5
1219,2020-06-10 00:00:00+03:00,5.5
1220,2020-06-09 00:00:00+03:00,5.5
1221,2020-06-08 00:00:00+03:00,5.5
1222,2020-06-05 00:00:00+03:00,5.5
1223,2020-06-04 00:00:00+03:00,5.5
1224,2020-06-03 00:00:00+03:00,5.5
1225,2020-06-02 00:00:00+03:00,5.5
1226,2020-06-01 00:00:00+03:00,5.5
1227,2020-05-29 00:00:00+03:00,5.5
1228,2020-05-28 00:00:00+03:00,5.5
1229,2020-05-27 00:00:00+03:00,5.5
1230,2020-05-26 00:00:00+03:00,5.5
1231,2020-05-25 00:00:00+03:00,5.5
1232,2020-05-22 00:00:00+03:00,5.5
1233,2020-05-21 00:00:00+03:00,5.5
1234,2020-05-20 00:00:00+03:00,5.5
1235,2020-05-19 00:00:00+03:00,5.5
1236,2020-05-18 00:00:00+03:00,5.5
1237,2020-05-15 00:00:00+03:00,5.5
1238,2020-05-14 00:00:00+03:00,5.5
1239,2020-05-13 00:00:00+03:00,5.5
1240,2020-05-12 00:00:00+03:00,5.5
1241,2020-05-08 00:00:00+03:00,5.5
1242,2020-05-07 00:00:00+03:00,5.5
1243,2020-05-06 00:00:00+03:00,5.5
1244,2020-05-05 00:00:00+03:00,5.5
1245,2020-05-04 00:00:00+03:00,5.5
1246,2020-04-30 00:00:00+03:00,5.5
1247,2020-04-29 00:00:00+03:00,5.5
1248,2020-04-28 00:00:00+03:00,5.5
1249,2020-04-27 00:00:00+03:00,5.5
1250,2020-04-24 00:00:00+03:00,6.0
1251,2020-04-23 00:00:00+03:00,6.0
1252,2020-04-22 00:00:00+03:00,6.0
1253,2020-04-21 00:00:00+03:00,6.0
1254,2020-04-20 00:00:00+03:00,6.0
1255,2020-04-17 00:00:00+03:00,6.0
1256,2020-04-16 00:00:00+03:00,6.0
1257,2020-04-15 00:00:00+03:00,6.0
1258,2020-04-14 00:00:00+03:00,6.0
1259,2020-04-13 00:00:00+03:00,6.0
1260,2020-04-10 00:00:00+03:00,6.0
1261,2020-04-09 00:00:00+03:00,6.0
1262,2020-04-08 00:00:00+03:00,6.0
1263,2020-04-07 00:00:00+03:00,6.0
1264,2020-04-06 00:00:00+03:00,6.0
1265,2020-04-03 00:00:00+03:00,6.0
1266,2020-04-02 00:00:00+03:00,6.0
1267,2020-04-01 00:00:00+03:00,6.0
1268,2020-03-31 00:00:00+03:00,6.0
1269,2020-03-30 00:00:00+03:00,6.0
1270,2020-03-27 00:00:00+03:00,6.0
1271,2020-03-26 00:00:00+03:00,6.0
1272,2020-03-25 00:00:00+03:00,6.0
1273,2020-03-24 00:00:00+03:00,6.0
1274,2020-03-23 00:00:00+03:00,6.0
1275,2020-03-20 00:00:00+03:00,6.0
1276,2020-03-19 00:00:00+03:00,6.0
1277,2020-03-18 00:00:00+03:00,6.0
1278,2020-03-17 00:00:00+03:00,6.0
1279,2020-03-16 00:00:00+03:00,6.0
1280,2020-03-13 00:00:00+03:00,6.0
1281,2020-03-12 00:00:00+03:00,6.0
1282,2020-03-11 00:00:00+03:00,6.0
1283,2020-03-10 00:00:00+03:00,6.0
1284,2020-03-06 00:00:00+03:00,6.0
1285,2020-03-05 00:00:00+03:00,6.0
1286,2020-03-04 00:00:00+03:00,6.0
1287,2020-03-03 00:00:00+03:00,6.0
1288,2020-03-02 00:00:00+03:00,6.0
1289,2020-02-28 00:00:00+03:00,6.0
1290,2020-02-27 00:00:00+03:00,6.0
1291,2020-02-26 00:00:00+03:00,6.0
1292,2020-02-25 00:00:00+03:00,6.0
1293,2020-02-21 00:00:00+03:00,6.0
1294,2020-02-20 00:00:00+03:00,6.0
1295,2020-02-19 00:00:00+03:00,6.0
1296,2020-02-18 00:00:00+03:00,6.0
1297,2020-02-17 00:00:00+03:00,6.0
1298,2020-02-14 00:00:00+03:00,6.0
1299,2020-02-13 00:00:00+03:00,6.0
1300,2020-02-12 00:00:00+03:00,6.0
1301,2020-02-11 00:00:00+03:00,6.0
1302,2020-02-10 00:00:00+03:00,6.0
1303,2020-02-07 00:00:00+03:00,6.25
1304,2020-02-06 00:00:00+03:00,6.25
1305,2020-02-05 00:00:00+03:00,6.25
1306,2020-02-04 00:00:00+03:00,6.25
1307,2020-02-03 00:00:00+03:00,6.25
1308,2020-01-31 00:00:00+03:00,6.25
1309,2020-01-30 00:00:00+03:00,6.25
1310,2020-01-29 00:00:00+03:00,6.25
1311,2020-01-28 00:00:00+03:00,6.25
1312,2020-01-27 00:00:00+03:00,6.25
1313,2020-01-24 00:00:00+03:00,6.25
1314,2020-01-23 00:00:00+03:00,6.25
1315,2020-01-22 00:00:00+03:00,6.25
1316,2020-01-21 00:00:00+03:00,6.25
1317,2020-01-20 00:00:00+03:00,6.25
1318,2020-01-17 00:00:00+03:00,6.25
1319,2020-01-16 00:00:00+03:00,6.25
1320,2020-01-15 00:00:00+03:00,6.25
1321,2020-01-14 00:00:00+03:00,6.25
1322,2020-01-13 00:00:00+03:00,6.25
1323,2020-01-10 00:00:00+03:00,6.25
1324,2020-01-09 00:00:00+03:00,6.25
1325,2020-01-08 00:00:00+03:00,6.25
1326,2020-01-06 00:00:00+03:00,6.25
1327,2020-01-03 00:00:00+03:00,6.25
1328,2019-12-31 00:00:00+03:00,6.25
1329,2019-12-30 00:00:00+03:00,6.25
1330,2019-12-27 00:00:00+03:00,6.25
1331,2019-12-26 00:00:00+03:00,6.25
1332,2019-12-25 00:00:00+03:00,6.25
1333,2019-12-24 00:00:00+03:00,6.25
1334,2019-12-23 00:00:00+03:00,6.25
1335,2019-12-20 00:00:00+03:00,6.25
1336,2019-12-19 00:00:00+03:00,6.25
1337,2019-12-18 00:00:00+03:00,6.25
1338,2019-12-17 00:00:00+03:00,6.25
1339,2019-12-16 00:00:00+03:00,6.25
1340,2019-12-13 00:00:00+03:00,6.5
1341,2019-12-12 00:00:00+03:00,6.5
1342,2019-12-11 00:00:00+03:00,6.5
1343,2019-12-10 00:00:00+03:00,6.5
1344,2019-12-09 00:00:00+03:00,6.5
1345,2019-12-06 00:00:00+03:00,6.5
1346,2019-12-05 00:00:00+03:00,6.5
1347,2019-12-04 00:00:00+03:00,6.5
1348,2019-12-03 00:00:00+03:00,6.5
1349,2019-12-02 00:00:00+03:00,6.5
1350,2019-11-29 00:00:00+03:00,6.5
1351,2019-11-28 00:00:00+03:00,6.5
1352,2019-11-27 00:00:00+03:00,6.5
1353,2019-11-26 00:00:00+03:00,6.5
1354,2019-11-25 00:00:00+03:00,6.5
1355,2019-11-22 00:00:00+03:00,6.5
1356,2019-11-21 00:00:00+03:00,6.5
1357,2019-11-20 00:00:00+03:00,6.5
1358,2019-11-19 00:00:00+03:00,6.5
1359,2019-11-18 00:00:00+03:00,6.5
1360,2019-11-15 00:00:00+03:00,6.5
1361,2019-11-14 00:00:00+03:00,6.5
1362,2019-11-13 00:00:00+03:00,6.5
1363,2019-11-12 00:00:00+03:00,6.5
1364,2019-11-11 00:00:00+03:00,6.5
1365,2019-11-08 00:00:00+03:00,6.5
1366,2019-11-07 00:00:00+03:00,6.5
1367,2019-11-06 00:00:00+03:00,6.5
1368,2019-11-05 00:00:00+03:00,6.5
1369,2019-11-01 00:00:00+03:00,6.5
1370,2019-10-31 00:00:00+03:00,6.5
1371,2019-10-30 00:00:00+03:00,6.5
1372,2019-10-29 00:00:00+03:00,6.5
1373,2019-10-28 00:00:00+03:00,6.5
1374,2019-10-25 00:00:00+03:00,7.0
1375,2019-10-24 00:00:00+03:00,7.0
1376,2019-10-23 00:00:00+03:00,7.0
1377,2019-10-22 00:00:00+03:00,7.0
1378,2019-10-21 00:00:00+03:00,7.0
1379,2019-10-18 00:00:00+03:00,7.0
1380,2019-10-17 00:00:00+03:00,7.0
1381,2019-10-16 00:00:00+03:00,7.0
1382,2019-10-15 00:00:00+03:00,7.0
1383,2019-10-14 00:00:00+03:00,7.0
1384,2019-10-11 00:00:00+03:00,7.0
1385,2019-10-10 00:00:00+03:00,7.0
1386,2019-10-09 00:00:00+03:00,7.0
1387,2019-10-08 00:00:00+03:00,7.0
1388,2019-10-07 00:00:00+03:00,7.0
1389,2019-10-04 00:00:00+03:00,7.0
1390,2019-10-03 00:00:00+03:00,7.0
1391,2019-10-02 00:00:00+03:00,7.0
1392,2019-10-01 00:00:00+03:00,7.0
1393,2019-09-30 00:00:00+03:00,7.0
1394,2019-09-27 00:00:00+03:00,7.0
1395,2019-09-26 00:00:00+03:00,7.0
1396,2019-09-25 00:00:00+03:00,7.0
1397,2019-09-24 00:00:00+03:00,7.0
1398,2019-09-23 00:00:00+03:00,7.0
1399,2019-09-20 00:00:00+03:00,7.0
1400,2019-09-19 00:00:00+03:00,7.0
1401,2019-09-18 00:00:00+03:00,7.0
1402,2019-09-17 00:00:00+03:00,7.0
1403,2019-09-16 00:00:00+03:00,7.0
1404,2019-09-13 00:00:00+03:00,7.0
1405,2019-09-12 00:00:00+03:00,7.0
1406,2019-09-11 00:00:00+03:00,7.0
1407,2019-09-10 00:00:00+03:00,7.0
1408,2019-09-09 00:00:00+03:00,7.0
1409,2019-09-06 00:00:00+03:00,7.25
1410,2019-09-05 00:00:00+03:00,7.25
1411,2019-09-04 00:00:00+03:00,7.25
1412,2019-09-03 00:00:00+03:00,7.25
1413,2019-09-02 00:00:00+03:00,7.25
1414,2019-08-30 00:00:00+03:00,7.25
1415,2019-08-29 00:00:00+03:00,7.25
1416,2019-08-28 00:00:00+03:00,7.25
1417,2019-08-27 00:00:00+03:00,7.25
1418,2019-08-26 00:00:00+03:00,7.25
1419,2019-08-23 00:00:00+03:00,7.25
1420,2019-08-22 00:00:00+03:00,7.25
1421,2019-08-21 00:00:00+03:00,7.25
1422,2019-08-20 00:00:00+03:00,7.25
1423,2019-08-19 00:00:00+03:00,7.25
1424,2019-08-16 00:00:00+03:00,7.25
1425,2019-08-15 00:00:00+03:00,7.25
1426,2019-08-14 00:00:00+03:00,7.25
1427,2019-08-13 00:00:00+03:00,7.25
1428,2019-08-12 00:00:00+03:00,7.25
1429,2019-08-09 00:00:00+03:00,7.25
1430,2019-08-08 00:00:00+03:00,7.25
1431,2019-08-07 00:00:00+03:00,7.25
1432,2019-08-06 00:00:00+03:00,7.25
1433,2019-08-05 00:00:00+03:00,7.25
1434,2019-08-02 00:00:00+03:00,7.25
1435,2019-08-01 00:00:00+03:00,7.25
1436,2019-07-31 00:00:00+03:00,7.25
1437,2019-07-30 00:00:00+03:00,7.25
1438,2019-07-29 00:00:00+03:00,7.25
1439,2019-07-26 00:00:00+03:00,7.5
1440,2019-07-25 00:00:00+03:00,7.5
1441,2019-07-24 00:00:00+03:00,7.5
1442,2019-07-23 00:00:00+03:00,7.5
1443,2019-07-22 00:00:00+03:00,7.5
1444,2019-07-19 00:00:00+03:00,7.5
1445,2019-07-18 00:00:00+03:00,7.5
1446,2019-07-17 00:00:00+03:00,7.5
1447,2019-07-16 00:00:00+03:00,7.5
1448,2019-07-15 00:00:00+03:00,7.5
1449,2019-07-12 00:00:00+03:00,7.5
1450,2019-07-11 00:00:00+03:00,7.5
1451,2019-07-10 00:00:00+03:00,7.5
1452,2019-07-09 00:00:00+03:00,7.5
1453,2019-07-08 00:00:00+03:00,7.5
1454,2019-07-05 00:00:00+03:00,7.5
1455,2019-07-04 00:00:00+03:00,7.5
1456,2019-07-03 00:00:00+03:00,7.5
1457,2019-07-02 00:00:00+03:00,7.5
1458,2019-07-01 00:00:00+03:00,7.5
1459,2019-06-28 00:00:00+03:00,7.5
1460,2019-06-27 00:00:00+03:00,7.5
1461,2019-06-26 00:00:00+03:00,7.5
1462,2019-06-25 00:00:00+03:00,7.5
1463,2019-06-24 00:00:00+03:00,7.5
1464,2019-06-21 00:00:00+03:00,7.5
1465,2019-06-20 00:00:00+03:00,7.5
1466,2019-06-19 00:00:00+03:00,7.5
1467,2019-06-18 00:00:00+03:00,7.5
1468,2019-06-17 00:00:00+03:00,7.5
1469,2019-06-14 00:00:00+03:00,7.75
1470,2019-06-13 00:00:00+03:00,7.75
1471,2019-06-12 00:00:00+03:00,7.75
1472,2019-06-11 00:00:00+03:00,7.75
1473,2019-06-10 00:00:00+03:00,7.75
1474,2019-06-07 00:00:00+03:00,7.75
1475,2019-06-06 00:00:00+03:00,7.75
1476,2019-06-05 00:00:00+03:00,7.75
1477,2019-06-04 00:00:00+03:00,7.75
1478,2019-06-03 00:00:00+03:00,7.75
1479,2019-05-31 00:00:00+03:00,7.75
1480,2019-05-30 00:00:00+03:00,7.75
1481,2019-05-29 00:00:00+03:00,7.75
1482,2019-05-28 00:00:00+03:00,7.75
1483,2019-05-27 00:00:00+03:00,7.75
1484,2019-05-24 00:00:00+03:00,7.75
1485,2019-05-23 00:00:00+03:00,7.75
1486,2019-05-22 00:00:00+03:00,7.75
1487,2019-05-21 00:00:00+03:00,7.75
1488,2019-05-20 00:00:00+03:00,7.75
1489,2019-05-17 00:00:00+03:00,7.75
1490,2019-05-16 00:00:00+03:00,7.75
1491,2019-05-15 00:00:00+03:00,7.75
1492,2019-05-14 00:00:00+03:00,7.75
1493,2019-05-13 00:00:00+03:00,7.75
1494,2019-05-08 00:00:00+03:00,7.75
1495,2019-05-07 00:00:00+03:00,7.75
1496,2019-05-06 00:00:00+03:00,7.75
1497,2019-04-30 00:00:00+03:00,7.75
1498,2019-04-29 00:00:00+03:00,7.75
1499,2019-04-26 00:00:00+03:00,7.75
1500,2019-04-25 00:00:00+03:00,7.75
1501,2019-04-24 00:00:00+03:00,7.75
1502,2019-04-23 00:00:00+03:00,7.75
1503,2019-04-22 00:00:00+03:00,7.75
1504,2019-04-19 00:00:00+03:00,7.75
1505,2019-04-18 00:00:00+03:00,7.75
1506,2019-04-17 00:00:00+03:00,7.75
1507,2019-04-16 00:00:00+03:00,7.75
1508,2019-04-15 00:00:00+03:00,7.75
1509,2019-04-12 00:00:00+03:00,7.75
1510,2019-04-11 00:00:00+03:00,7.75
1511,2019-04-10 00:00:00+03:00,7.75
1512,2019-04-09 00:00:00+03:00,7.75
1513,2019-04-08 00:00:00+03:00,7.75
1514,2019-04-05 00:00:00+03:00,7.75
1515,2019-04-04 00:00:00+03:00,7.75
1516,2019-04-03 00:00:00+03:00,7.75
1517,2019-04-02 00:00:00+03:00,7.75
1518,2019-04-01 00:00:00+03:00,7.75
1519,2019-03-29 00:00:00+03:00,7.75
1520,2019-03-28 00:00:00+03:00,7.75
1521,2019-03-27 00:00:00+03:00,7.75
1522,2019-03-26 00:00:00+03:00,7.75
1523,2019-03-25 00:00:00+03:00,7.75
1524,2019-03-22 00:00:00+03:00,7.75
1525,2019-03-21 00:00:00+03:00,7.75
1526,2019-03-20 00:00:00+03:00,7.75
1527,2019-03-19 00:00:00+03:00,7.75
1528,2019-03-18 00:00:00+03:00,7.75
1529,2019-03-15 00:00:00+03:00,7.75
1530,2019-03-14 00:00:00+03:00,7.75
1531,2019-03-13 00:00:00+03:00,7.75
1532,2019-03-12 00:00:00+03:00,7.75
1533,2019-03-11 00:00:00+03:00,7.75
1534,2019-03-07 00:00:00+03:00,7.75
1535,2019-03-06 00:00:00+03:00,7.75
1536,2019-03-05 00:00:00+03:00,7.75
1537,2019-03-04 00:00:00+03:00,7.75
1538,2019-03-01 00:00:00+03:00,7.75
1539,2019-02-28 00:00:00+03:00,7.75
1540,2019-02-27 00:00:00+03:00,7.75
1541,2019-02-26 00:00:00+03:00,7.75
1542,2019-02-25 00:00:00+03:00,7.75
1543,2019-02-22 00:00:00+03:00,7.75
1544,2019-02-21 00:00:00+03:00,7.75
1545,2019-02-20 00:00:00+03:00,7.75
1546,2019-02-19 00:00:00+03:00,7.75
1547,2019-02-18 00:00:00+03:00,7.75
1548,2019-02-15 00:00:00+03:00,7.75
1549,2019-02-14 00:00:00+03:00,7.75
1550,2019-02-13 00:00:00+03:00,7.75
1551,2019-02-12 00:00:00+03:00,7.75
1552,2019-02-11 00:00:00+03:00,7.75
1553,2019-02-08 00:00:00+03:00,7.75
1554,2019-02-07 00:00:00+03:00,7.75
1555,2019-02-06 00:00:00+03:00,7.75
1556,2019-02-05 00:00:00+03:00,7.75
1557,2019-02-04 00:00:00+03:00,7.75
1558,2019-02-01 00:00:00+03:00,7.75
1559,2019-01-31 00:00:00+03:00,7.75
1560,2019-01-30 00:00:00+03:00,7.75
1561,2019-01-29 00:00:00+03:00,7.75
1562,2019-01-28 00:00:00+03:00,7.75
1563,2019-01-25 00:00:00+03:00,7.75
1564,2019-01-24 00:00:00+03:00,7.75
1565,2019-01-23 00:00:00+03:00,7.75
1566,2019-01-22 00:00:00+03:00,7.75
1567,2019-01-21 00:00:00+03:00,7.75
1568,2019-01-18 00:00:00+03:00,7.75
1569,2019-01-17 00:00:00+03:00,7.75
1570,2019-01-16 00:00:00+03:00,7.75
1571,2019-01-15 00:00:00+03:00,7.75
1572,2019-01-14 00:00:00+03:00,7.75
1573,2019-01-11 00:00:00+03:00,7.75
1574,2019-01-10 00:00:00+03:00,7.75
1575,2019-01-09 00:00:00+03:00,7.75
1576,2018-12-28 00:00:00+03:00,7.75
1577,2018-12-27 00:00:00+03:00,7.75
1578,2018-12-26 00:00:00+03:00,7.75
1579,2018-12-25 00:00:00+03:00,7.75
1580,2018-12-24 00:00:00+03:00,7.75
1581,2018-12-21 00:00:00+03:00,7.75
1582,2018-12-20 00:00:00+03:00,7.75
1583,2018-12-19 00:00:00+03:00,7.75
1584,2018-12-18 00:00:00+03:00,7.75
1585,2018-12-17 00:00:00+03:00,7.75
1586,2018-12-14 00:00:00+03:00,7.5
1587,2018-12-13 00:00:00+03:00,7.5
1588,2018-12-12 00:00:00+03:00,7.5
1589,2018-12-11 00:00:00+03:00,7.5
1590,2018-12-10 00:00:00+03:00,7.5
1591,2018-12-07 00:00:00+03:00,7.5
1592,2018-12-06 00:00:00+03:00,7.5
1593,2018-12-05 00:00:00+03:00,7.5
1594,2018-12-04 00:00:00+03:00,7.5
1595,2018-12-03 00:00:00+03:00,7.5
1596,2018-11-30 00:00:00+03:00,7.5
1597,2018-11-29 00:00:00+03:00,7.5
1598,2018-11-28 00:00:00+03:00,7.5
1599,2018-11-27 00:00:00+03:00,7.5
1600,2018-11-26 00:00:00+03:00,7.5
1601,2018-11-23 00:00:00+03:00,7.5
1602,2018-11-22 00:00:00+03:00,7.5
1603,2018-11-21 00:00:00+03:00,7.5
1604,2018-11-20 00:00:00+03:00,7.5
1605,2018-11-19 00:00:00+03:00,7.5
1606,2018-11-16 00:00:00+03:00,7.5
1607,2018-11-15 00:00:00+03:00,7.5
1608,2018-11-14 00:00:00+03:00,7.5
1609,2018-11-13 00:00:00+03:00,7.5
1610,2018-11-12 00:00:00+03:00,7.5
1611,2018-11-09 00:00:00+03:00,7.5
1612,2018-11-08 00:00:00+03:00,7.5
1613,2018-11-07 00:00:00+03:00,7.5
1614,2018-11-06 00:00:00+03:00,7.5
1615,2018-11-02 00:00:00+03:00,7.5
1616,2018-11-01 00:00:00+03:00,7.5
1617,2018-10-31 00:00:00+03:00,7.5
1618,2018-10-30 00:00:00+03:00,7.5
1619,2018-10-29 00:00:00+03:00,7.5
1620,2018-10-26 00:00:00+03:00,7.5
1621,2018-10-25 00:00:00+03:00,7.5
1622,2018-10-24 00:00:00+03:00,7.5
1623,2018-10-23 00:00:00+03:00,7.5
1624,2018-10-22 00:00:00+03:00,7.5
1625,2018-10-19 00:00:00+03:00,7.5
1626,2018-10-18 00:00:00+03:00,7.5
1627,2018-10-17 00:00:00+03:00,7.5
1628,2018-10-16 00:00:00+03:00,7.5
1629,2018-10-15 00:00:00+03:00,7.5
1630,2018-10-12 00:00:00+03:00,7.5
1631,2018-10-11 00:00:00+03:00,7.5
1632,2018-10-10 00:00:00+03:00,7.5
1633,2018-10-09 00:00:00+03:00,7.5
1634,2018-10-08 00:00:00+03:00,7.5
1635,2018-10-05 00:00:00+03:00,7.5
1636,2018-10-04 00:00:00+03:00,7.5
1637,2018-10-03 00:00:00+03:00,7.5
1638,2018-10-02 00:00:00+03:00,7.5
1639,2018-10-01 00:00:00+03:00,7.5
1640,2018-09-28 00:00:00+03:00,7.5
1641,2018-09-27 00:00:00+03:00,7.5
1642,2018-09-26 00:00:00+03:00,7.5
1643,2018-09-25 00:00:00+03:00,7.5
1644,2018-09-24 00:00:00+03:00,7.5
1645,2018-09-21 00:00:00+03:00,7.5
1646,2018-09-20 00:00:00+03:00,7.5
1647,2018-09-19 00:00:00+03:00,7.5
1648,2018-09-18 00:00:00+03:00,7.5
1649,2018-09-17 00:00:00+03:00,7.5
1650,2018-09-14 00:00:00+03:00,7.25
1651,2018-09-13 00:00:00+03:00,7.25
1652,2018-09-12 00:00:00+03:00,7.25
1653,2018-09-11 00:00:00+03:00,7.25
1654,2018-09-10 00:00:00+03:00,7.25
1655,2018-09-07 00:00:00+03:00,7.25
1656,2018-09-06 00:00:00+03:00,7.25
1657,2018-09-05 00:00:00+03:00,7.25
1658,2018-09-04 00:00:00+03:00,7.25
1659,2018-09-03 00:00:00+03:00,7.25
1660,2018-08-31 00:00:00+03:00,7.25
1661,2018-08-30 00:00:00+03:00,7.25
1662,2018-08-29 00:00:00+03:00,7.25
1663,2018-08-28 00:00:00+03:00,7.25
1664,2018-08-27 00:00:00+03:00,7.25
1665,2018-08-24 00:00:00+03:00,7.25
1666,2018-08-23 00:00:00+03:00,7.25
1667,2018-08-22 00:00:00+03:00,7.25
1668,2018-08-21 00:00:00+03:00,7.25
1669,2018-08-20 00:00:00+03:00,7.25
1670,2018-08-17 00:00:00+03:00,7.25
1671,2018-08-16 00:00:00+03:00,7.25
1672,2018-08-15 00:00:00+03:00,7.25
1673,2018-08-14 00:00:00+03:00,7.25
1674,2018-08-13 00:00:00+03:00,7.25
1675,2018-08-10 00:00:00+03:00,7.25
1676,2018-08-09 00:00:00+03:00,7.25
1677,2018-08-08 00:00:00+03:00,7.25
1678,2018-08-07 00:00:00+03:00,7.25
1679,2018-08-06 00:00:00+03:00,7.25
1680,2018-08-03 00:00:00+03:00,7.25
1681,2018-08-02 00:00:00+03:00,7.25
1682,2018-08-01 00:00:00+03:00,7.25
1683,2018-07-31 00:00:00+03:00,7.25
1684,2018-07-30 00:00:00+03:00,7.25
1685,2018-07-27 00:00:00+03:00,7.25
1686,2018-07-26 00:00:00+03:00,7.25
1687,2018-07-25 00:00:00+03:00,7.25
1688,2018-07-24 00:00:00+03:00,7.25
1689,2018-07-23 00:00:00+03:00,7.25
1690,2018-07-20 00:00:00+03:00,7.25
1691,2018-07-19 00:00:00+03:00,7.25
1692,2018-07-18 00:00:00+03:00,7.25
1693,2018-07-17 00:00:00+03:00,7.25
1694,2018-07-16 00:00:00+03:00,7.25
1695,2018-07-13 00:00:00+03:00,7.25
1696,2018-07-12 00:00:00+03:00,7.25
1697,2018-07-11 00:00:00+03:00,7.25
1698,2018-07-10 00:00:00+03:00,7.25
1699,2018-07-09 00:00:00+03:00,7.25
1700,2018-07-06 00:00:00+03:00,7.25
1701,2018-07-05 00:00:00+03:00,7.25
1702,2018-07-04 00:00:00+03:00,7.25
1703,2018-07-03 00:00:00+03:00,7.25
1704,2018-07-02 00:00:00+03:00,7.25
1705,2018-06-29 00:00:00+03:00,7.25
1706,2018-06-28 00:00:00+03:00,7.25
1707,2018-06-27 00:00:00+03:00,7.25
1708,2018-06-26 00:00:00+03:00,7.25
1709,2018-06-25 00:00:00+03:00,7.25
1710,2018-06-22 00:00:00+03:00,7.25
1711,2018-06-21 00:00:00+03:00,7.25
1712,2018-06-20 00:00:00+03:00,7.25
1713,2018-06-19 00:00:00+03:00,7.25
1714,2018-06-18 00:00:00+03:00,7.25
1715,2018-06-15 00:00:00+03:00,7.25
1716,2018-06-14 00:00:00+03:00,7.25
1717,2018-06-13 00:00:00+03:00,7.25
1718,2018-06-09 00:00:00+03:00,7.25
1719,2018-06-08 00:00:00+03:00,7.25
1720,2018-06-07 00:00:00+03:00,7.25
1721,2018-06-06 00:00:00+03:00,7.25
1722,2018-06-05 00:00:00+03:00,7.25
1723,2018-06-04 00:00:00+03:00,7.25
1724,2018-06-01 00:00:00+03:00,7.25
1725,2018-05-31 00:00:00+03:00,7.25
1726,2018-05-30 00:00:00+03:00,7.25
1727,2018-05-29 00:00:00+03:00,7.25
1728,2018-05-28 00:00:00+03:00,7.25
1729,2018-05-25 00:00:00+03:00,7.25
1730,2018-05-24 00:00:00+03:00,7.25
1731,2018-05-23 00:00:00+03:00,7.25
1732,2018-05-22 00:00:00+03:00,7.25
1733,2018-05-21 00:00:00+03:00,7.25
1734,2018-05-18 00:00:00+03:00,7.25
1735,2018-05-17 00:00:00+03:00,7.25
1736,2018-05-16 00:00:00+03:00,7.25
1737,2018-05-15 00:00:00+03:00,7.25
1738,2018-05-14 00:00:00+03:00,7.25
1739,2018-05-11 00:00:00+03:00,7.25
1740,2018-05-10 00:00:00+03:00,7.25
1741,2018-05-08 00:00:00+03:00,7.25
1742,2018-05-07 00:00:00+03:00,7.25
1743,2018-05-04 00:00:00+03:00,7.25
1744,2018-05-03 00:00:00+03:00,7.25
1745,2018-04-28 00:00:00+03:00,7.25
1746,2018-04-27 00:00:00+03:00,7.25
1747,2018-04-26 00:00:00+03:00,7.25
1748,2018-04-25 00:00:00+03:00,7.25
1749,2018-04-24 00:00:00+03:00,7.25
1750,2018-04-23 00:00:00+03:00,7.25
1751,2018-04-20 00:00:00+03:00,7.25
1752,2018-04-19 00:00:00+03:00,7.25
1753,2018-04-18 00:00:00+03:00,7.25
1754,2018-04-17 00:00:00+03:00,7.25
1755,2018-04-16 00:00:00+03:00,7.25
1756,2018-04-13 00:00:00+03:00,7.25
1757,2018-04-12 00:00:00+03:00,7.25
1758,2018-04-11 00:00:00+03:00,7.25
1759,2018-04-10 00:00:00+03:00,7.25
1760,2018-04-09 00:00:00+03:00,7.25
1761,2018-04-06 00:00:00+03:00,7.25
1762,2018-04-05 00:00:00+03:00,7.25
1763,2018-04-04 00:00:00+03:00,7.25
1764,2018-04-03 00:00:00+03:00,7.25
1765,2018-04-02 00:00:00+03:00,7.25
1766,2018-03-30 00:00:00+03:00,7.25
1767,2018-03-29 00:00:00+03:00,7.25
1768,2018-03-28 00:00:00+03:00,7.25
1769,2018-03-27 00:00:00+03:00,7.25
1770,2018-03-26 00:00:00+03:00,7.25
1771,2018-03-23 00:00:00+03:00,7.5
1772,2018-03-22 00:00:00+03:00,7.5
1773,2018-03-21 00:00:00+03:00,7.5
1774,2018-03-20 00:00:00+03:00,7.5
1775,2018-03-19 00:00:00+03:00,7.5
1776,2018-03-16 00:00:00+03:00,7.5
1777,2018-03-15 00:00:00+03:00,7.5
1778,2018-03-14 00:00:00+03:00,7.5
1779,2018-03-13 00:00:00+03:00,7.5
1780,2018-03-12 00:00:00+03:00,7.5
1781,2018-03-07 00:00:00+03:00,7.5
1782,2018-03-06 00:00:00+03:00,7.5
1783,2018-03-05 00:00:00+03:00,7.5
1784,2018-03-02 00:00:00+03:00,7.5
1785,2018-03-01 00:00:00+03:00,7.5
1786,2018-02-28 00:00:00+03:00,7.5
1787,2018-02-27 00:00:00+03:00,7.5
1788,2018-02-26 00:00:00+03:00,7.5
1789,2018-02-22 00:00:00+03:00,7.5
1790,2018-02-21 00:00:00+03:00,7.5
1791,2018-02-20 00:00:00+03:00,7.5
1792,2018-02-19 00:00:00+03:00,7.5
1793,2018-02-16 00:00:00+03:00,7.5
1794,2018-02-15 00:00:00+03:00,7.5
1795,2018-02-14 00:00:00+03:00,7.5
1796,2018-02-13 00:00:00+03:00,7.5
1797,2018-02-12 00:00:00+03:00,7.5
1798,2018-02-09 00:00:00+03:00,7.75
1799,2018-02-08 00:00:00+03:00,7.75
1800,2018-02-07 00:00:00+03:00,7.75
1801,2018-02-06 00:00:00+03:00,7.75
1802,2018-02-05 00:00:00+03:00,7.75
1803,2018-02-02 00:00:00+03:00,7.75
1804,2018-02-01 00:00:00+03:00,7.75
1805,2018-01-31 00:00:00+03:00,7.75
1806,2018-01-30 00:00:00+03:00,7.75
1807,2018-01-29 00:00:00+03:00,7.75
1808,2018-01-26 00:00:00+03:00,7.75
1809,2018-01-25 00:00:00+03:00,7.75
1810,2018-01-24 00:00:00+03:00,7.75
1811,2018-01-23 00:00:00+03:00,7.75
1812,2018-01-22 00:00:00+03:00,7.75
1813,2018-01-19 00:00:00+03:00,7.75
1814,2018-01-18 00:00:00+03:00,7.75
1815,2018-01-17 00:00:00+03:00,7.75
1816,2018-01-16 00:00:00+03:00,7.75
1817,2018-01-15 00:00:00+03:00,7.75
1818,2018-01-12 00:00:00+03:00,7.75
1819,2018-01-11 00:00:00+03:00,7.75
1820,2018-01-10 00:00:00+03:00,7.75
1821,2018-01-09 00:00:00+03:00,7.75
1822,2017-12-29 00:00:00+03:00,7.75
1823,2017-12-28 00:00:00+03:00,7.75
1824,2017-12-27 00:00:00+03:00,7.75
1825,2017-12-26 00:00:00+03:00,7.75
1826,2017-12-25 00:00:00+03:00,7.75
1827,2017-12-22 00:00:00+03:00,7.75
1828,2017-12-21 00:00:00+03:00,7.75
1829,2017-12-20 00:00:00+03:00,7.75
1830,2017-12-19 00:00:00+03:00,7.75
1831,2017-12-18 00:00:00+03:00,7.75
1832,2017-12-15 00:00:00+03:00,8.25
1833,2017-12-14 00:00:00+03:00,8.25
1834,2017-12-13 00:00:00+03:00,8.25
1835,2017-12-12 00:00:00+03:00,8.25
1836,2017-12-11 00:00:00+03:00,8.25
1837,2017-12-08 00:00:00+03:00,8.25
1838,2017-12-07 00:00:00+03:00,8.25
1839,2017-12-06 00:00:00+03:00,8.25
1840,2017-12-05 00:00:00+03:00,8.25
1841,2017-12-04 00:00:00+03:00,8.25
1842,2017-12-01 00:00:00+03:00,8.25
1843,2017-11-30 00:00:00+03:00,8.25
1844,2017-11-29 00:00:00+03:00,8.25
1845,2017-11-28 00:00:00+03:00,8.25
1846,2017-11-27 00:00:00+03:00,8.25
1847,2017-11-24 00:00:00+03:00,8.25
1848,2017-11-23 00:00:00+03:00,8.25
1849,2017-11-22 00:00:00+03:00,8.25
1850,2017-11-21 00:00:00+03:00,8.25
1851,2017-11-20 00:00:00+03:00,8.25
1852,2017-11-17 00:00:00+03:00,8.25
1853,2017-11-16 00:00:00+03:00,8.25
1854,2017-11-15 00:00:00+03:00,8.25
1855,2017-11-14 00:00:00+03:00,8.25
1856,2017-11-13 00:00:00+03:00,8.25
1857,2017-11-10 00:00:00+03:00,8.25
1858,2017-11-09 00:00:00+03:00,8.25
1859,2017-11-08 00:00:00+03:00,8.25
1860,2017-11-07 00:00:00+03:00,8.25
1861,2017-11-03 00:00:00+03:00,8.25
1862,2017-11-02 00:00:00+03:00,8.25
1863,2017-11-01 00:00:00+03:00,8.25
1864,2017-10-31 00:00:00+03:00,8.25
1865,2017-10-30 00:00:00+03:00,8.25
1866,2017-10-27 00:00:00+03:00,8.5
1867,2017-10-26 00:00:00+03:00,8.5
1868,2017-10-25 00:00:00+03:00,8.5
1869,2017-10-24 00:00:00+03:00,8.5
1870,2017-10-23 00:00:00+03:00,8.5
1871,2017-10-20 00:00:00+03:00,8.5
1872,2017-10-19 00:00:00+03:00,8.5
1873,2017-10-18 00:00:00+03:00,8.5
1874,2017-10-17 00:00:00+03:00,8.5
1875,2017-10-16 00:00:00+03:00,8.5
1876,2017-10-13 00:00:00+03:00,8.5
1877,2017-10-12 00:00:00+03:00,8.5
1878,2017-10-11 00:00:00+03:00,8.5
1879,2017-10-10 00:00:00+03:00,8.5
1880,2017-10-09 00:00:00+03:00,8.5
1881,2017-10-06 00:00:00+03:00,8.5
1882,2017-10-05 00:00:00+03:00,8.5
1883,2017-10-04 00:00:00+03:00,8.5
1884,2017-10-03 00:00:00+03:00,8.5
1885,2017-10-02 00:00:00+03:00,8.5
1886,2017-09-29 00:00:00+03:00,8.5
1887,2017-09-28 00:00:00+03:00,8.5
1888,2017-09-27 00:00:00+03:00,8.5
1889,2017-09-26 00:00:00+03:00,8.5
1890,2017-09-25 00:00:00+03:00,8.5
1891,2017-09-22 00:00:00+03:00,8.5
1892,2017-09-21 00:00:00+03:00,8.5
1893,2017-09-20 00:00:00+03:00,8.5
1894,2017-09-19 00:00:00+03:00,8.5
1895,2017-09-18 00:00:00+03:00,8.5
1896,2017-09-15 00:00:00+03:00,9.0
1897,2017-09-14 00:00:00+03:00,9.0
1898,2017-09-13 00:00:00+03:00,9.0
1899,2017-09-12 00:00:00+03:00,9.0
1900,2017-09-11 00:00:00+03:00,9.0
1901,2017-09-08 00:00:00+03:00,9.0
1902,2017-09-07 00:00:00+03:00,9.0
1903,2017-09-06 00:00:00+03:00,9.0
1904,2017-09-05 00:00:00+03:00,9.0
1905,2017-09-04 00:00:00+03:00,9.0
1906,2017-09-01 00:00:00+03:00,9.0
1907,2017-08-31 00:00:00+03:00,9.0
1908,2017-08-30 00:00:00+03:00,9.0
1909,2017-08-29 00:00:00+03:00,9.0
1910,2017-08-28 00:00:00+03:00,9.0
1911,2017-08-25 00:00:00+03:00,9.0
1912,2017-08-24 00:00:00+03:00,9.0
1913,2017-08-23 00:00:00+03:00,9.0
1914,2017-08-22 00:00:00+03:00,9.0
1915,2017-08-21 00:00:00+03:00,9.0
1916,2017-08-18 00:00:00+03:00,9.0
1917,2017-08-17 00:00:00+03:00,9.0
1918,2017-08-16 00:00:00+03:00,9.0
1919,2017-08-15 00:00:00+03:00,9.0
1920,2017-08-14 00:00:00+03:00,9.0
1921,2017-08-11 00:00:00+03:00,9.0
1922,2017-08-10 00:00:00+03:00,9.0
1923,2017-08-09 00:00:00+03:00,9.0
1924,2017-08-08 00:00:00+03:00,9.0
1925,2017-08-07 00:00:00+03:00,9.0
1926,2017-08-04 00:00:00+03:00,9.0
1927,2017-08-03 00:00:00+03:00,9.0
1928,2017-08-02 00:00:00+03:00,9.0
1929,2017-08-01 00:00:00+03:00,9.0
1930,2017-07-31 00:00:00+03:00,9.0
1931,2017-07-28 00:00:00+03:00,9.0
1932,2017-07-27 00:00:00+03:00,9.0
1933,2017-07-26 00:00:00+03:00,9.0
1934,2017-07-25 00:00:00+03:00,9.0
1935,2017-07-24 00:00:00+03:00,9.0
1936,2017-07-21 00:00:00+03:00,9.0
1937,2017-07-20 00:00:00+03:00,9.0
1938,2017-07-19 00:00:00+03:00,9.0
1939,2017-07-18 00:00:00+03:00,9.0
1940,2017-07-17 00:00:00+03:00,9.0
1941,2017-07-14 00:00:00+03:00,9.0
1942,2017-07-13 00:00:00+03:00,9.0
1943,2017-07-12 00:00:00+03:00,9.0
1944,2017-07-11 00:00:00+03:00,9.0
1945,2017-07-10 00:00:00+03:00,9.0
1946,2017-07-07 00:00:00+03:00,9.0
1947,2017-07-06 00:00:00+03:00,9.0
1948,2017-07-05 00:00:00+03:00,9.0
1949,2017-07-04 00:00:00+03:00,9.0
1950,2017-07-03 00:00:00+03:00,9.0
1951,2017-06-30 00:00:00+03:00,9.0
1952,2017-06-29 00:00:00+03:00,9.0
1953,2017-06-28 00:00:00+03:00,9.0
1954,2017-06-27 00:00:00+03:00,9.0
1955,2017-06-26 00:00:00+03:00,9.0
1956,2017-06-23 00:00:00+03:00,9.0
1957,2017-06-22 00:00:00+03:00,9.0
1958,2017-06-21 00:00:00+03:00,9.0
1959,2017-06-20 00:00:00+03:00,9.0
1960,2017-06-19 00:00:00+03:00,9.0
1961,2017-06-16 00:00:00+03:00,9.25
1962,2017-06-15 00:00:00+03:00,9.25
1963,2017-06-14 00:00:00+03:00,9.25
1964,2017-06-13 00:00:00+03:00,9.25
1965,2017-06-09 00:00:00+03:00,9.25
1966,2017-06-08 00:00:00+03:00,9.25
1967,2017-06-07 00:00:00+03:00,9.25
1968,2017-06-06 00:00:00+03:00,9.25
1969,2017-06-05 00:00:00+03:00,9.25
1970,2017-06-02 00:00:00+03:00,9.25
1971,2017-06-01 00:00:00+03:00,9.25
1972,2017-05-31 00:00:00+03:00,9.25
1973,2017-05-30 00:00:00+03:00,9.25
1974,2017-05-29 00:00:00+03:00,9.25
1975,2017-05-26 00:00:00+03:00,9.25
1976,2017-05-25 00:00:00+03:00,9.25
1977,2017-05-24 00:00:00+03:00,9.25
1978,2017-05-23 00:00:00+03:00,9.25
1979,2017-05-22 00:00:00+03:00,9.25
1980,2017-05-19 00:00:00+03:00,9.25
1981,2017-05-18 00:00:00+03:00,9.25
1982,2017-05-17 00:00:00+03:00,9.25
1983,2017-05-16 00:00:00+03:00,9.25
1984,2017-05-15 00:00:00+03:00,9.25
1985,2017-05-12 00:00:00+03:00,9.25
1986,2017-05-11 00:00:00+03:00,9.25
1987,2017-05-10 00:00:00+03:00,9.25
1988,2017-05-05 00:00:00+03:00,9.25
1989,2017-05-04 00:00:00+03:00,9.25
1990,2017-05-03 00:00:00+03:00,9.25
1991,2017-05-02 00:00:00+03:00,9.25
1992,2017-04-28 00:00:00+03:00,9.75
1993,2017-04-27 00:00:00+03:00,9.75
1994,2017-04-26 00:00:00+03:00,9.75
1995,2017-04-25 00:00:00+03:00,9.75
1996,2017-04-24 00:00:00+03:00,9.75
1997,2017-04-21 00:00:00+03:00,9.75
1998,2017-04-20 00:00:00+03:00,9.75
1999,2017-04-19 00:00:00+03:00,9.75
2000,2017-04-18 00:00:00+03:00,9.75
2001,2017-04-17 00:00:00+03:00,9.75
2002,2017-04-14 00:00:00+03:00,9.75
2003,2017-04-13 00:00:00+03:00,9.75
2004,2017-04-12 00:00:00+03:00,9.75
2005,2017-04-11 00:00:00+03:00,9.75
2006,2017-04-10 00:00:00+03:00,9.75
2007,2017-04-07 00:00:00+03:00,9.75
2008,2017-04-06 00:00:00+03:00,9.75
2009,2017-04-05 00:00:00+03:00,9.75
2010,2017-04-04 00:00:00+03:00,9.75
2011,2017-04-03 00:00:00+03:00,9.75
2012,2017-03-31 00:00:00+03:00,9.75
2013,2017-03-30 00:00:00+03:00,9.75
2014,2017-03-29 00:00:00+03:00,9.75
2015,2017-03-28 00:00:00+03:00,9.75
2016,2017-03-27 00:00:00+03:00,9.75
2017,2017-03-24 00:00:00+03:00,10.0
2018,2017-03-23 00:00:00+03:00,10.0
2019,2017-03-22 00:00:00+03:00,10.0
2020,2017-03-21 00:00:00+03:00,10.0
2021,2017-03-20 00:00:00+03:00,10.0
2022,2017-03-17 00:00:00+03:00,10.0
2023,2017-03-16 00:00:00+03:00,10.0
2024,2017-03-15 00:00:00+03:00,10.0
2025,2017-03-14 00:00:00+03:00,10.0
2026,2017-03-13 00:00:00+03:00,10.0
2027,2017-03-10 00:00:00+03:00,10.0
2028,2017-03-09 00:00:00+03:00,10.0
2029,2017-03-07 00:00:00+03:00,10.0
2030,2017-03-06 00:00:00+03:00,10.0
2031,2017-03-03 00:00:00+03:00,10.0
2032,2017-03-02 00:00:00+03:00,10.0
2033,2017-03-01 00:00:00+03:00,10.0
2034,2017-02-28 00:00:00+03:00,10.0
2035,2017-02-27 00:00:00+03:00,10.0
2036,2017-02-22 00:00:00+03:00,10.0
2037,2017-02-21 00:00:00+03:00,10.0
2038,2017-02-20 00:00:00+03:00,10.0
2039,2017-02-17 00:00:00+03:00,10.0
2040,2017-02-16 00:00:00+03:00,10.0
2041,2017-02-15 00:00:00+03:00,10.0
2042,2017-02-14 00:00:00+03:00,10.0
2043,2017-02-13 00:00:00+03:00,10.0
2044,2017-02-10 00:00:00+03:00,10.0
2045,2017-02-09 00:00:00+03:00,10.0
2046,2017-02-08 00:00:00+03:00,10.0
2047,2017-02-07 00:00:00+03:00,10.0
2048,2017-02-06 00:00:00+03:00,10.0
2049,2017-02-03 00:00:00+03:00,10.0
2050,2017-02-02 00:00:00+03:00,10.0
2051,2017-02-01 00:00:00+03:00,10.0
2052,2017-01-31 00:00:00+03:00,10.0
2053,2017-01-30 00:00:00+03:00,10.0
2054,2017-01-27 00:00:00+03:00,10.0
2055,2017-01-26 00:00:00+03:00,10.0
2056,2017-01-25 00:00:00+03:00,10.0
2057,2017-01-24 00:00:00+03:00,10.0
2058,2017-01-23 00:00:00+03:00,10.0
2059,2017-01-20 00:00:00+03:00,10.0
2060,2017-01-19 00:00:00+03:00,10.0
2061,2017-01-18 00:00:00+03:00,10.0
2062,2017-01-17 00:00:00+03:00,10.0
2063,2017-01-16 00:00:00+03:00,10.0
2064,2017-01-13 00:00:00+03:00,10.0
2065,2017-01-12 00:00:00+03:00,10.0
2066,2017-01-11 00:00:00+03:00,10.0
2067,2017-01-10 00:00:00+03:00,10.0
2068,2017-01-09 00:00:00+03:00,10.0
