Date,Income,Outcome,Balance
2017-01-09,1.3430284451958885,1.487864846148386,-0.1559036386263838
2017-01-10,1.0686103210858036,1.1941824549802276,-0.12557213390759098
2017-01-11,0.9444291149567445,0.9366625183417425,0.0077665966202687545
2017-01-12,1.6722020837242924,0.8753789642569223,0.8003907709476724
2017-01-13,0.9559239896622695,0.9756451203419984,-0.019721130679728725
2017-01-14,0.0,0.0,0.0
2017-01-15,0.0,0.0,0.0
2017-01-16,1.0823413586798478,1.0243449325493723,0.0579964261304756
2017-01-17,0.8963335667054485,1.4483640095249777,-0.5485185355650501
2017-01-18,0.7547589142354276,0.8795602298573381,-0.12480131562191048
2017-01-19,0.9498771712289817,0.9552678729316222,-0.005390701700006988
2017-01-20,1.0241865620952701,1.1380867931497325,-0.11390023104129549
2017-01-21,0.0,0.0,0.0
2017-01-22,0.0,0.0,0.0
2017-01-23,1.1107177636043406,1.2200637878081988,-0.10934602420385839
2017-01-24,1.0404757744250093,0.967099810132594,0.07337596429241532
2017-01-25,1.0799640656748748,1.1937266380122407,-0.11376257233736582
2017-01-26,0.9782956311800286,1.112359273893516,-0.13406364271348736
2017-01-27,1.196395889745701,1.395696227360433,-0.19848347820723888
2017-01-28,0.0,0.0,0.0
2017-01-29,0.0,0.0,0.0
2017-01-30,1.3037324465467592,1.461530955066114,-0.1547027394449702
2017-01-31,1.2604019846416386,1.2874019288241763,-0.02699994416937068
2017-02-01,0.9535028694125403,0.8601942251291382,0.09330864428340203
2017-02-02,0.9822268561291105,0.8989108102198515,0.08331604590925908
2017-02-03,0.9875557893465012,0.9807645904058155,0.006791198935418914
2017-02-04,0.0,0.0,0.0
2017-02-05,0.0,0.0,0.0
2017-02-06,0.9111923489453346,0.9434745893533297,-0.03228224040799516
2017-02-07,0.9119310502594479,0.9532203415877984,-0.0412892913283506
2017-02-08,1.1024221678878618,0.9054784032195878,0.19694376466827418
2017-02-09,1.5010317916895224,1.0717165026728905,0.4346808287785116
2017-02-10,1.147702380212817,0.9641494958447594,0.18355288435489064
2017-02-11,0.0,0.0,0.0
2017-02-12,0.0,0.0,0.0
2017-02-13,1.1024737343208666,1.29294362217197,-0.19046988785110308
2017-02-14,0.982352785046438,1.0685305557955502,-0.08617777074911219
2017-02-15,1.0797501307895907,1.0455795814722522,0.034170549317338435
2017-02-16,1.1274411676292124,0.8573460728820845,0.270095094760295
2017-02-17,1.002798216997122,0.9187118264698813,0.08408639051407372
2017-02-18,0.0,0.0,0.0
2017-02-19,0.0,0.0,0.0
2017-02-20,1.119652580240115,1.1444110985216633,-0.02475851828154834
2017-02-21,1.2875369255930598,1.1564679953704227,0.131068930222637
2017-02-22,1.4351970639838416,1.4220301184427053,0.022755521392292838
2017-02-23,0.0,0.0,0.0
2017-02-24,0.0582287574507276,0.0051352494037719,0.05309350805353918
2017-02-25,0.0,0.0,0.0
2017-02-26,0.0,0.0,0.0
2017-02-27,1.7643707025122455,1.882873212382471,-0.11886215537581134
2017-02-28,1.5010317916895224,1.711702920347701,-0.21112799001511892
2017-03-01,0.9424913810469185,1.1401593375688304,-0.1976679565219119
2017-03-02,1.0302432793328802,0.8674934692546655,0.16274981007821462
2017-03-03,0.9810719145252401,0.9122794827942109,0.06879243173102925
2017-03-04,0.0,0.0,0.0
2017-03-05,0.0,0.0,0.0
2017-03-06,1.0009637632255912,1.089702311078183,-0.08873854785259175
2017-03-07,0.9395876075006451,0.8876461851668224,0.05194142233382271
2017-03-08,0.0,0.0,0.0
2017-03-09,1.3561953907370246,1.0635391427698004,0.298185265101537
2017-03-10,1.126412496190397,1.0095617742266925,0.11685072196370454
2017-03-11,0.0,0.0,0.0
2017-03-12,0.0,0.0,0.0
2017-03-13,1.2392066376686697,1.4088631729015693,-0.16365134166205517
2017-03-14,1.47469790060725,1.1213323624027178,0.35835827147991134
2017-03-15,1.2574723947705782,1.2484538243002399,0.009018570472971646
2017-03-16,1.0262417627898632,0.9844830493915376,0.04175871339832548
2017-03-17,1.0907661067399257,1.0308713149319388,0.059894791807986784
2017-03-18,0.0,0.0,0.0
2017-03-19,0.0,0.0,0.0
2017-03-20,1.3166945541136161,1.4351970639838416,-0.11852767337785246
2017-03-21,1.167639682907712,1.0765658477006557,0.09107383522022332
2017-03-22,1.1074993506207047,1.0837461450372363,0.023753205596635397
2017-03-23,1.111859819429625,1.0325245714137308,0.07933524801589417
2017-03-24,1.0974852936672381,1.114761417822829,-0.01727612415559073
2017-03-25,0.0,0.0,0.0
2017-03-26,0.0,0.0,0.0
2017-03-27,2.8440602368854107,1.487864846148386,1.3430284451958885
2017-03-28,1.3430284451958885,2.5938882716038236,-1.2440184535440715
2017-03-29,1.4351970639838416,1.0986140019623232,0.33127144967081507
2017-03-30,1.4351970639838416,1.47469790060725,-0.039910246099323164
2017-03-31,1.47469790060725,1.5141987372306585,-0.03282626208581492
2017-04-01,0.0,0.0,0.0
2017-04-02,0.0,0.0,0.0
2017-04-03,1.2119833307386667,1.2702118776367681,-0.05822854689810145
2017-04-04,1.1542492107564735,1.3693623362781608,-0.20996424738784375
2017-04-05,1.0582995282253362,1.0162294827288643,0.042070045496472
2017-04-06,1.1500329964748484,0.8957587933893124,0.254274203085536
2017-04-07,1.008497744733164,0.9737377965330882,0.034759948200075774
2017-04-08,0.0,0.0,0.0
2017-04-09,0.0,0.0,0.0
2017-04-10,1.2553399414471162,1.1660587667439137,0.08928117470320256
2017-04-11,1.072781824739129,0.9481474275391992,0.12463439719992984
2017-04-12,0.9860917242415954,0.9854906956410419,0.000601028594891709
2017-04-13,1.0850963839914833,0.9279488533414355,0.15714753063688083
2017-04-14,1.1055410982382996,1.1205787886681084,-0.015037690429808726
2017-04-15,0.0,0.0,0.0
2017-04-16,0.0,0.0,0.0
2017-04-17,1.0336962493509083,1.1821763927983078,-0.14848014343423252
2017-04-18,0.885176027775325,0.9558394099837145,-0.0706633822083895
2017-04-19,1.0413671509626006,0.9313233992806169,0.11004375168198356
2017-04-20,1.167651615899785,1.042982887232385,0.1246687286673999
2017-04-21,0.9113010897451196,0.9984635816958527,-0.0871624919507331
2017-04-22,0.0,0.0,0.0
2017-04-23,0.0,0.0,0.0
2017-04-24,1.1196052210938867,1.250073971944457,-0.13046875085057005
2017-04-25,1.2227792698593123,1.4088631729015693,-0.18768458089527243
2017-04-26,1.3006290660561657,1.3561953907370246,-0.050824213048285306
2017-04-27,1.5010317916895224,1.47469790060725,0.016802850898881474
2017-04-28,1.5010317916895224,1.9355409945470157,-0.4322620672817404
2017-04-29,0.0,0.0,0.0
2017-04-30,0.0,0.0,0.0
2017-05-01,0.0,0.0,0.0
2017-05-02,1.2300685631842494,1.395696227360433,-0.16728541813106482
2017-05-03,0.9407604268539976,1.016388559062917,-0.07562813220891931
2017-05-04,1.1145801199112921,0.8358375723352237,0.2787425475760685
2017-05-05,1.1514227496433356,0.9411555770809029,0.21026717256243255
2017-05-06,0.0,0.0,0.0
2017-05-07,0.0,0.0,0.0
2017-05-08,0.0,0.0,0.0
2017-05-09,0.0,0.0,0.0
2017-05-10,1.185414482965704,1.3561953907370246,-0.16519302427822471
2017-05-11,1.395696227360433,1.5273656827717947,-0.13168880364532176
2017-05-12,1.1776164247243481,1.0901981858050889,0.0874182389192593
2017-05-13,0.0,0.0,0.0
2017-05-14,0.0,0.0,0.0
2017-05-15,1.266279040105532,1.2778119762371938,-0.011532936127711791
2017-05-16,1.1878694248456052,1.0639395972480492,0.1239298275975559
2017-05-17,1.0974120010104076,1.174756780643732,-0.0773447796333244
2017-05-18,1.306750389440127,1.1755204745190182,0.13122991492110866
2017-05-19,1.0531972602886914,1.0429894382223008,0.01020782206112382
2017-05-20,0.0,0.0,0.0
2017-05-21,0.0,0.0,0.0
2017-05-22,1.3166945541136161,1.288598501794961,0.034013897794809615
2017-05-23,1.1081112797141295,2.0013757222526967,-0.89045353017925
2017-05-24,1.1155311209472236,1.104929852614684,0.010601268329906183
2017-05-25,1.395696227360433,1.487864846148386,-0.08104446942785046
2017-05-26,1.8038715391356541,1.1088678355775667,0.6988689322342088
2017-05-27,0.0,0.0,0.0
2017-05-28,0.0,0.0,0.0
2017-05-29,1.3166945541136161,1.382529281819297,-0.05366174212467478
2017-05-30,1.1498620269919,1.121067313869352,0.028794713122547888
2017-05-31,1.4351970639838416,1.4088631729015693,0.022566730962065466
2017-06-01,1.0282099914377312,0.9926121190873466,0.035597872363551435
2017-06-02,0.9489075482214723,1.0942120089785923,-0.14530446074395306
2017-06-03,0.0,0.0,0.0
2017-06-04,0.0,0.0,0.0
2017-06-05,1.2091642751765443,1.1434922611077871,0.06567201406875707
2017-06-06,1.4088631729015693,1.1623194681701445,0.2451412047482947
2017-06-07,0.937428128047106,1.0370228104769432,-0.09959468244300418
2017-06-08,1.0844776005022165,0.898836200104784,0.18564140039743246
2017-06-09,1.1843091193227226,0.9769860877520417,0.20732303157068102
2017-06-10,0.0,0.0,0.0
2017-06-11,0.0,0.0,0.0
2017-06-12,0.0,0.0,0.0
2017-06-13,1.5668665193952032,1.2451058484144761,0.32673609248777824
2017-06-14,1.4483640095249777,1.5273656827717947,-0.07702079257314716
2017-06-15,1.5273656827717947,1.1924553682615529,0.335582730036596
2017-06-16,1.0800258436139916,1.0080732604476332,0.07195258316635841
2017-06-17,0.0,0.0,0.0
2017-06-18,0.0,0.0,0.0
2017-06-19,1.167999975397501,1.2950841326127474,-0.12708415720207933
2017-06-20,1.177691922331046,1.0749059198435649,0.10278600248748108
2017-06-21,0.9708599300713573,1.1126974018976967,-0.14183747182633952
2017-06-22,1.0716419882551833,1.124310348501305,-0.05266836024612168
2017-06-23,1.2504747007428492,1.2565341436698556,-0.006059442927006521
2017-06-24,0.0,0.0,0.0
2017-06-25,0.0,0.0,0.0
2017-06-26,1.3129759230754166,1.487864846148386,-0.1732348627228186
2017-06-27,1.47469790060725,1.215561490152526,0.25733407686749543
2017-06-28,1.6853690292654286,1.3298614996547522,0.36128530459348657
2017-06-29,1.4220301184427053,1.5405326283129308,-0.11238904312366699
2017-06-30,1.6063673560186116,1.9223740490058794,-0.3220249775303776
2017-07-01,0.0,0.0,0.0
2017-07-02,0.0,0.0,0.0
2017-07-03,1.24348792225781,1.487864846148386,-0.24780503555810718
2017-07-04,1.4483640095249777,1.08202057871893,0.36969794684533125
2017-07-05,1.0753935324043125,0.9637936025894791,0.11159992980166629
2017-07-06,1.139609511914583,1.0758762105205488,0.06373330139403421
2017-07-07,1.0312892965897447,0.923644306380434,0.1076449902093107
2017-07-08,0.0,0.0,0.0
2017-07-09,0.0,0.0,0.0
2017-07-10,1.461530955066114,1.136590959562807,0.32447256455200363
2017-07-11,1.2685547927865586,1.0589211709299942,0.20963362185656442
2017-07-12,1.0928215633341054,1.0364953908427528,0.05632617250451943
2017-07-13,1.25564552645004,0.9211627984893678,0.3344827279606721
2017-07-14,1.0397022651053331,1.461530955066114,-0.4246252560639123
2017-07-15,0.0,0.0,0.0
2017-07-16,0.0,0.0,0.0
2017-07-17,1.2494891197265174,1.3430284451958885,-0.09529091700605528
2017-07-18,0.9899737017201213,1.0993779057055546,-0.1094042039722662
2017-07-19,1.2073471925957668,1.1273770570735246,0.07997013552224226
2017-07-20,2.0935443410406496,1.042624827356216,1.0543355899605564
2017-07-21,1.3101674877477294,1.3430284451958885,-0.037462128160119075
2017-07-22,0.0,0.0,0.0
2017-07-23,0.0,0.0,0.0
2017-07-24,1.395696227360433,2.2647146330754198,-0.8761677704467513
2017-07-25,1.4220301184427053,1.395696227360433,0.031147350824490976
2017-07-26,0.9712781957533455,1.5273656827717947,-0.5618687674371708
2017-07-27,1.3298614996547522,1.1371480143836674,0.19512377664295977
2017-07-28,1.098768273664781,1.3430284451958885,-0.24622969315986046
2017-07-29,0.0,0.0,0.0
2017-07-30,0.0,0.0,0.0
2017-07-31,1.5536995738540669,1.5800334649363392,-0.03414020270743388
2017-08-01,1.0936340528430444,1.2475609061634978,-0.15392685332045344
2017-08-02,1.3166945541136161,1.1018748625976622,0.21609908599622257
2017-08-03,1.240488166905819,0.9218293348692023,0.3186588320366168
2017-08-04,1.1833116460923485,0.9987325573497277,0.1845790887426209
2017-08-05,0.0,0.0,0.0
2017-08-06,0.0,0.0,0.0
2017-08-07,1.4088631729015693,1.2439663963263385,0.16740887059610787
2017-08-08,1.1354983416811129,1.0773112376782674,0.05818710398967851
2017-08-09,1.0539532752276721,1.1521298305245646,-0.09817655529689266
2017-08-10,1.1893375918358884,1.2751699510873895,-0.08583235925150103
2017-08-11,1.202165294185224,1.085407259802299,0.11675803438292502
2017-08-12,0.0,0.0,0.0
2017-08-13,0.0,0.0,0.0
2017-08-14,1.26349225276368,1.298052622776045,-0.03456037002553182
2017-08-15,1.2846304712171732,1.2750992225615336,0.009531248654322906
2017-08-16,1.014395064626589,1.194341740286873,-0.17994667566028408
2017-08-17,1.1250701083171017,0.9431859992693566,0.1818841090477451
2017-08-18,1.0496874276971535,0.9341117231128447,0.11557570458430894
2017-08-19,0.0,0.0,0.0
2017-08-20,0.0,0.0,0.0
2017-08-21,1.2817487882504426,1.2030608858702583,0.07868790238018425
2017-08-22,1.0077900547885348,1.084271148010242,-0.07648109322170714
2017-08-23,1.011272774348155,0.9426394117225254,0.06863336262562962
2017-08-24,1.1902787917925675,1.19688634626135,-0.006607554462199014
2017-08-25,1.068536373755274,1.2990810354317128,-0.23054466167643886
2017-08-26,0.0,0.0,0.0
2017-08-27,0.0,0.0,0.0
2017-08-28,1.3561953907370246,1.382529281819297,-0.025162831267353254
2017-08-29,1.0321816401473172,1.0889680414287652,-0.056786401281448025
2017-08-30,1.1309453594486127,1.2312289004575663,-0.10028354100895343
2017-08-31,1.382529281819297,1.145165522064105,0.23510325172421187
2017-09-01,0.9435791571267305,1.2091107597459265,-0.26553160261919617
2017-09-02,0.0,0.0,0.0
2017-09-03,0.0,0.0,0.0
2017-09-04,0.9775955160870007,1.0250542105066354,-0.04745869440646779
2017-09-05,1.3298614996547522,1.2286873827506652,0.10597465983322898
2017-09-06,1.073680547010302,0.9164898215765601,0.1571907254337419
2017-09-07,1.312621747224344,1.067942947209231,0.24467880002827985
2017-09-08,1.1990238685560055,1.0793915586797391,0.11963230987626627
2017-09-09,0.0,0.0,0.0
2017-09-10,0.0,0.0,0.0
2017-09-11,1.5010317916895224,1.225194566592867,0.28197085968003316
2017-09-12,1.134351243192192,1.3430284451958885,-0.211711240065958
2017-09-13,1.05428219970809,1.0969598511157554,-0.04267765140766556
2017-09-14,1.3561953907370246,1.2408953126677884,0.11232069140265166
2017-09-15,1.2435471335642323,1.073871651333704,0.16967548223052825
2017-09-16,0.0,0.0,0.0
2017-09-17,0.0,0.0,0.0
2017-09-18,1.1833666512970193,1.2158452660193677,-0.03247861473551532
2017-09-19,1.2158676743173065,1.0493640109763895,0.16650366335408395
2017-09-20,1.1751199530868515,1.0831039049899955,0.09201604808368893
2017-09-21,1.64586819264202,1.3430284451958885,0.29786835356288516
2017-09-22,1.278011638482685,1.6195343015597479,-0.34324105570109775
2017-09-23,0.0,0.0,0.0
2017-09-24,0.0,0.0,0.0
2017-09-25,1.8433723757590625,1.8565393213001986,-0.00924371429999333
2017-09-26,1.3126450447387827,1.3166945541136161,-0.007340099125881707
2017-09-27,1.2292207697104094,1.229443118142225,-0.000222348431157171
2017-09-28,1.9882087767115604,1.47469790060725,0.504844397249734
2017-09-29,1.7380368114299731,1.5932004104774755,0.1336820068551482
2017-09-30,0.0,0.0,0.0
2017-10-01,0.0,0.0,0.0
2017-10-02,1.2018504752165593,1.4483640095249777,-0.251222993324913
2017-10-03,1.058064780164898,1.1811877429488118,-0.12312296278391388
2017-10-04,1.3017481770568147,1.13450970220717,0.16723847484964457
2017-10-05,1.461530955066114,1.2182759514756871,0.23757126677466794
2017-10-06,1.0375726307327429,1.1829741368161055,-0.14540150608336277
2017-10-07,0.0,0.0,0.0
2017-10-08,0.0,0.0,0.0
2017-10-09,1.2352172496468667,1.2632304276039186,-0.028013177957051716
2017-10-10,1.5536995738540669,1.2393729180204693,0.31359538287564953
2017-10-11,1.1669189220177418,1.1408407808138907,0.026078141203851143
2017-10-12,1.5010317916895224,1.310159781200339,0.18699308780785764
2017-10-13,1.2699353452226751,1.2716787801394365,-0.001743434914127866
2017-10-14,0.0,0.0,0.0
2017-10-15,0.0,0.0,0.0
2017-10-16,1.47469790060725,1.259481885518373,0.22082996564490387
2017-10-17,1.23244618217646,1.3298614996547522,-0.09678237886422132
2017-10-18,1.110691913822345,1.1686997447528729,-0.05800783093052802
2017-10-19,1.4088631729015693,1.2827648118637118,0.1326465459598661
2017-10-20,1.2345654904115106,1.0614078694679978,0.1731576209435128
2017-10-21,0.0,0.0,0.0
2017-10-22,0.0,0.0,0.0
2017-10-23,1.47469790060725,1.47469790060725,0.0014250466090483139
2017-10-24,1.300420638285355,1.2551322859044944,0.04528835238086056
2017-10-25,1.7512037569711094,1.632701247100884,0.10682263645928138
2017-10-26,1.2595723197739273,1.3561953907370246,-0.09009036918402001
2017-10-27,1.382529281819297,1.3298614996547522,0.04219937892507324
2017-10-28,0.0,0.0,0.0
2017-10-29,0.0,0.0,0.0
2017-10-30,1.5141987372306585,1.7907045935945178,-0.28061305906746437
2017-10-31,2.040876558876105,1.47469790060725,0.5564525790968929
2017-11-01,1.1782223062660198,1.7512037569711094,-0.566744136195449
2017-11-02,1.461530955066114,1.0987631184764282,0.3654260888016775
2017-11-03,1.1702996695092713,1.632701247100884,-0.4678372935654837
2017-11-04,0.0,0.0,0.0
2017-11-05,0.0,0.0,0.0
2017-11-06,0.0,0.0,0.0
2017-11-07,1.461530955066114,1.8565393213001986,-0.3913195867944722
2017-11-08,1.202351947422686,1.3693623362781608,-0.1719451002999579
2017-11-09,1.30691952171283,1.4220301184427053,-0.1109021992819767
2017-11-10,0.0,0.0,0.0
2017-11-11,0.0,0.0,0.0
2017-11-12,0.0,0.0,0.0
2017-11-13,1.382529281819297,1.4483640095249777,-0.0741552405235675
2017-11-14,1.4220301184427053,1.2625262885343298,0.16556841855670124
2017-11-15,1.3430284451958885,1.1961981172465679,0.1428381314443677
2017-11-16,1.1645376013494633,1.382529281819297,-0.21920108452371284
2017-11-17,1.1925519723502835,1.1650565732425646,0.02749539909455192
2017-11-18,0.0,0.0,0.0
2017-11-19,0.0,0.0,0.0
2017-11-20,1.3121131344124801,1.461530955066114,-0.1516569091321166
2017-11-21,1.1779313981939519,1.1156920524249014,0.062239345769050464
2017-11-22,1.1121138422524672,1.1470196596423698,-0.03490581737673568
2017-11-23,1.2414188994567996,1.1187529661717206,0.12266593328507897
2017-11-24,1.25448257507719,1.2155121676303804,0.03897040744680975
2017-11-25,0.0,0.0,0.0
2017-11-26,0.0,0.0,0.0
2017-11-27,1.3561953907370246,1.8038715391356541,-0.45237123482504754
2017-11-28,1.4220301184427053,1.3693623362781608,0.05103751647319523
2017-11-29,1.6195343015597479,1.1142528535048255,0.5052844762417257
2017-11-30,1.711702920347701,1.3430284451958885,0.3664667353667915
2017-12-01,1.199286884744993,1.1019257718289142,0.09736111291607871
2017-12-02,0.0,0.0,0.0
2017-12-03,0.0,0.0,0.0
2017-12-04,1.5273656827717947,1.4088631729015693,0.11223947731387947
2017-12-05,1.3298614996547522,1.1492444264341877,0.18564406522920665
2017-12-06,1.395696227360433,1.0977810030528306,0.2963299485418014
2017-12-07,1.3561953907370246,1.1433432038449374,0.21704495890187414
2017-12-08,1.4220301184427053,1.1019388590486001,0.32634042225869264
2017-12-09,0.0,0.0,0.0
2017-12-10,0.0,0.0,0.0
2017-12-11,1.5273656827717947,1.5141987372306585,0.022118682768453624
2017-12-12,1.5273656827717947,1.4351970639838416,0.0962161441279314
2017-12-13,1.199346930506589,1.2296666999481634,-0.030319769441574277
2017-12-14,1.47469790060725,1.1603322128777944,0.3122291488344617
2017-12-15,2.3305493607811005,1.3561953907370246,0.9761226429407082
2017-12-16,0.0,0.0,0.0
2017-12-17,0.0,0.0,0.0
2017-12-18,1.64586819264202,2.5807213260626876,-0.9338122580140399
2017-12-19,1.882873212382471,1.4483640095249777,0.4338393998769726
2017-12-20,2.3173824152399645,1.6063673560186116,0.7036327368835713
2017-12-21,1.9882087767115604,1.7643707025122455,0.22802001572487982
2017-12-22,1.632701247100884,1.7512037569711094,-0.126948524759399
2017-12-23,0.0,0.0,0.0
2017-12-24,0.0,0.0,0.0
2017-12-25,2.8308932913442746,3.765746424764942,-0.9359826802000116
2017-12-26,2.3832171429456452,2.8308932913442746,-0.4553665429095125
2017-12-27,2.712390781474049,2.475385761733598,0.23635732863042389
2017-12-28,3.265402494201768,2.725557727015185,0.5413793462487997
2017-12-29,2.0145426677938327,1.8302054302179263,0.17613350998218452
2017-12-30,0.005620279175982872,0.0026386787376776735,0.0029816004369885045
2017-12-31,0.0,0.0,0.0
2018-01-01,0.0,0.0,0.0
2018-01-02,0.0,0.0,0.0
2018-01-03,0.0065850720264568115,0.007369691178954827,-0.0007846191530246928
2018-01-04,0.0007715172498244797,0.0,0.0007715172498244797
2018-01-05,0.0007414149773483007,6.567672435918717e-07,0.0007407582101047088
2018-01-06,0.01109286991687414,0.11794359768052627,-0.10685072775575197
2018-01-07,0.0,0.0,0.0
2018-01-08,0.0,0.0,0.0
2018-01-09,1.64586819264202,2.212046850910875,-0.5670238532328253
2018-01-10,1.3561953907370246,1.5536995738540669,-0.19715752815942825
2018-01-11,1.5800334649363392,1.3430284451958885,0.23383580074323843
2018-01-12,1.711702920347701,1.3028258129690256,0.4041623867585738
2018-01-13,0.0,0.0,0.0
2018-01-14,0.0,0.0,0.0
2018-01-15,1.3561953907370246,3.752579479223806,-2.3832171429456452
2018-01-16,1.0214962116482746,1.3693623362781608,-0.34461986750651463
2018-01-17,1.0544710214493138,1.461530955066114,-0.4074156694744133
2018-01-18,0.961359556625818,1.139613275936138,-0.17825371929715308
2018-01-19,1.2309964554670734,1.234835879892497,-0.003839424435957178
2018-01-20,0.0,0.0,0.0
2018-01-21,0.0,0.0,0.0
2018-01-22,1.4088631729015693,1.5273656827717947,-0.12514092156306056
2018-01-23,1.1662105837327141,1.269988474493114,-0.10377789076039978
2018-01-24,1.1082018843367922,1.2727164828520332,-0.16451459851524108
2018-01-25,1.8433723757590625,2.0145426677938327,-0.17135410774280005
2018-01-26,1.2128471625133628,1.632701247100884,-0.41410228426201806
2018-01-27,0.0,0.0,0.0
2018-01-28,0.0,0.0,0.0
2018-01-29,1.3298614996547522,1.711702920347701,-0.37972320948829985
2018-01-30,1.3082871506470617,1.3060811389578082,0.0022060116918868654
2018-01-31,1.47469790060725,1.0180909558758289,0.4529646345236884
2018-02-01,1.1263454326706657,1.1140638383280046,0.012281594340027683
2018-02-02,1.114233400896488,1.027538672125428,0.08669472877106
2018-02-03,0.0,0.0,0.0
2018-02-04,0.0,0.0,0.0
2018-02-05,1.1090642890252627,1.0927534145288877,0.016310874483208018
2018-02-06,1.3693623362781608,1.2960899040603768,0.0686601322504407
2018-02-07,1.2259532389506314,1.3166945541136161,-0.0920334161275422
2018-02-08,1.2430651449350991,1.3298614996547522,-0.08034405940840936
2018-02-09,1.7512037569711094,1.6853690292654286,0.06806328660414838
2018-02-10,0.0,0.0,0.0
2018-02-11,0.0,0.0,0.0
2018-02-12,1.4220301184427053,1.4483640095249777,-0.0319089489302224
2018-02-13,1.5668665193952032,1.47469790060725,0.0923336868985777
2018-02-14,1.1157074937101128,1.3071360662472196,-0.19142857252393983
2018-02-15,1.3430284451958885,1.5273656827717947,-0.18411900867317524
2018-02-16,1.2221627771025632,0.9700905018201176,0.25207227528244547
2018-02-17,0.0,0.0,0.0
2018-02-18,0.0,0.0,0.0
2018-02-19,1.1836374763800652,1.4220301184427053,-0.244239834709709
2018-02-20,1.3430284451958885,1.487864846148386,-0.15057539185453203
2018-02-21,1.313267349121955,1.1901088504505617,0.12315849865822648
2018-02-22,1.395696227360433,1.461530955066114,-0.0632618045426157
2018-02-23,0.0,0.0,0.0
2018-02-24,0.0,0.0,0.0
2018-02-25,0.0,0.0,0.0
2018-02-26,1.9092071034647433,2.0672104499583774,-0.1559753453641247
2018-02-27,1.3561953907370246,1.9882087767115604,-0.632986134722748
2018-02-28,1.4088631729015693,1.5668665193952032,-0.16240584869581673
2018-03-01,1.1918537814351762,1.0502680549319416,0.1415857265032344
2018-03-02,1.1259369490153597,1.167193889553524,-0.0412569405381644
2018-03-03,0.0,0.0,0.0
2018-03-04,0.0,0.0,0.0
2018-03-05,1.5536995738540669,1.382529281819297,0.16861592984082427
2018-03-06,1.4483640095249777,1.0795837802579713,0.3691358105183452
2018-03-07,1.6590351381831563,1.5405326283129308,0.1284523459948353
2018-03-08,0.0,0.0,0.0
2018-03-09,1.190400398883859e-05,2.859568265343761e-05,-1.669167866459902e-05
2018-03-10,0.0,0.0,0.0
2018-03-11,0.0,0.0,0.0
2018-03-12,1.5800334649363392,1.7775376480533818,-0.19617000424177944
2018-03-13,1.2426176502140431,1.395696227360433,-0.15380250497643574
2018-03-14,1.17338619968031,1.1909010966234157,-0.017514896929938698
2018-03-15,1.382529281819297,1.3298614996547522,0.05343506555985655
2018-03-16,1.3561953907370246,1.2929742375719007,0.05816739958984147
2018-03-17,0.00012175775564597569,0.0,0.00012175775564597569
2018-03-18,0.0,0.0,0.0
2018-03-19,1.5536995738540669,1.64586819264202,-0.0939567157469849
2018-03-20,1.3298614996547522,1.2367517953572107,0.09317575327778503
2018-03-21,1.1097535855106537,1.0638902665492305,0.04586331896142332
2018-03-22,1.2228479447235052,1.1874187498858586,0.035429194824479565
2018-03-23,1.487864846148386,1.2927186832752886,0.1951651717290365
2018-03-24,0.0,0.0,0.0
2018-03-25,0.0,0.0,0.0
2018-03-26,1.8433723757590625,2.699223835932913,-0.8648673230988432
2018-03-27,2.2647146330754198,1.7907045935945178,0.4624799100153515
2018-03-28,1.5668665193952032,1.7775376480533818,-0.2068878060859861
2018-03-29,2.3437163063222366,1.487864846148386,0.8544068351555169
2018-03-30,1.5536995738540669,2.541220489439279,-0.9962698235611281
2018-03-31,1.0272100000290222e-05,0.0,1.0272100000290222e-05
2018-04-01,0.0,0.0,0.0
2018-04-02,1.3003876823555187,1.5668665193952032,-0.2646927654860506
2018-04-03,1.2234946385690768,1.382529281819297,-0.16181042256475628
2018-04-04,1.2227603799008917,1.4351970639838416,-0.21394773356331284
2018-04-05,1.5800334649363392,1.395696227360433,0.19246288024496447
2018-04-06,1.711702920347701,1.3430284451958885,0.3669050034692621
2018-04-07,0.0,0.0,0.0
2018-04-08,0.0,0.0,0.0
2018-04-09,1.309319344809988,1.4220301184427053,-0.1068959657070535
2018-04-10,1.6195343015597479,1.724869865888837,-0.10488492172052802
2018-04-11,1.1769225819823346,1.4088631729015693,-0.23201261725824454
2018-04-12,1.4351970639838416,1.2146210509424595,0.21832959427414447
2018-04-13,1.4088631729015693,1.1670635862213805,0.24540154490043736
2018-04-14,0.0,0.0,0.0
2018-04-15,0.0,0.0,0.0
2018-04-16,1.5141987372306585,1.6195343015597479,-0.10328158598788553
2018-04-17,1.1041526432121405,2.620222162686096,-1.5141987372306585
2018-04-18,0.925413680285247,1.043746922539736,-0.11833324225448916
2018-04-19,1.4220301184427053,1.258829645584169,0.16374899261512502
2018-04-20,1.2054741293371583,1.231768593804879,-0.026294464467720928
2018-04-21,0.0,0.0,0.0
2018-04-22,0.0,0.0,0.0
2018-04-23,1.2174356221194365,1.47469790060725,-0.25714853677677657
2018-04-24,1.3298614996547522,1.3298614996547522,0.0019847107774909854
2018-04-25,1.5141987372306585,1.6985359748065647,-0.18662362256545745
2018-04-26,1.395696227360433,1.5010317916895224,-0.1103964470285325
2018-04-27,1.7643707025122455,2.027709613334969,-0.26944336808679514
2018-04-28,1.461530955066114,1.64586819264202,-0.18635855384716427
2018-04-29,0.0,0.0,0.0
2018-04-30,0.00499608476072995,0.0,0.00499608476072995
2018-05-01,0.0,0.0,0.0
2018-05-02,0.003980773936107497,0.0,0.003980773936107497
2018-05-03,1.724869865888837,1.4351970639838416,0.29772622481261374
2018-05-04,1.3693623362781608,1.5405326283129308,-0.1664082579314075
2018-05-05,0.0,0.0,0.0
2018-05-06,0.0,0.0,0.0
2018-05-07,1.395696227360433,1.2961607440970944,0.10573401926182127
2018-05-08,1.2582135818460063,1.2571522835324904,0.0010612983124624257
2018-05-09,0.0,0.0,0.0
2018-05-10,1.7643707025122455,1.2786725598712612,0.4843617827138603
2018-05-11,1.3693623362781608,1.2814303056055147,0.09086850388049461
2018-05-12,0.0,0.0,0.0
2018-05-13,0.0,0.0,0.0
2018-05-14,1.6853690292654286,1.461530955066114,0.2205738917806207
2018-05-15,1.47469790060725,1.3430284451958885,0.12146996486143162
2018-05-16,1.1334075182762013,1.4351970639838416,-0.30181454599781027
2018-05-17,1.2505963056352607,1.3693623362781608,-0.12451319899496509
2018-05-18,1.3162687168454292,1.461530955066114,-0.1425933935565126
2018-05-19,0.0,0.0,0.0
2018-05-20,0.0,0.0,0.0
2018-05-21,1.5800334649363392,1.5273656827717947,0.050032659878108884
2018-05-22,1.1654143616163166,1.1933234397137114,-0.02790907811056166
2018-05-23,1.230083144378244,1.259319161505896,-0.029236017127651885
2018-05-24,1.6063673560186116,1.9355409945470157,-0.3256334300963425
2018-05-25,1.4088631729015693,1.8433723757590625,-0.44450647207389754
2018-05-26,0.0,0.0,0.0
2018-05-27,0.0,0.0,0.0
2018-05-28,1.5405326283129308,1.7775376480533818,-0.230091145197676
2018-05-29,1.461530955066114,1.2991334892115114,0.1595207382678261
2018-05-30,1.3430284451958885,1.2409217038482507,0.10255655491263982
2018-05-31,1.487864846148386,1.3561953907370246,0.12500702805254396
2018-06-01,1.6195343015597479,1.1621852864088562,0.4635326225586882
2018-06-02,0.0,0.0,0.0
2018-06-03,0.0,0.0,0.0
2018-06-04,1.5668665193952032,1.7380368114299731,-0.17358988718353127
2018-06-05,1.229559479298575,1.1726583799776682,0.05690109932090665
2018-06-06,1.1894501372904223,1.1434001917941026,0.046049945496319626
2018-06-07,1.3693623362781608,1.2242293482314808,0.13878918083520236
2018-06-08,1.3693623362781608,1.1766899816087175,0.1934122167024737
2018-06-09,1.2812834805086086,1.0956452574794724,0.1856382230423031
2018-06-10,0.0,0.0,0.0
2018-06-11,0.005591363220546092,0.0,0.005591363220546092
2018-06-12,0.0,0.0,0.0
2018-06-13,1.6853690292654286,1.5800334649363392,0.09450883175190829
2018-06-14,1.8038715391356541,1.3693623362781608,0.43759801079160826
2018-06-15,1.9355409945470157,1.6063673560186116,0.33115466211610073
2018-06-16,0.0,0.0,0.0
2018-06-17,0.0,0.0,0.0
2018-06-18,1.7775376480533818,1.975041831170424,-0.19708534859667298
2018-06-19,1.6853690292654286,1.2149362597712148,0.47107766936978956
2018-06-20,1.7775376480533818,1.4088631729015693,0.36351463375826826
2018-06-21,3.041564420002453,2.1593790687463303,0.8800873815046858
2018-06-22,1.9092071034647433,1.8960401579236073,0.016932829836987864
2018-06-23,0.0,0.0,0.0
2018-06-24,0.0,0.0,0.0
2018-06-25,1.8433723757590625,2.198879905369739,-0.3495210262030209
2018-06-26,2.0935443410406496,1.724869865888837,0.3721901008570479
2018-06-27,1.5800334649363392,1.6590351381831563,-0.0722265659199499
2018-06-28,2.0013757222526967,1.9355409945470157,0.0612794161878467
2018-06-29,1.8170384846767902,1.461530955066114,0.36203958764461924
2018-06-30,0.0,0.0,0.0
2018-07-01,0.0,0.0,0.0
2018-07-02,1.487864846148386,1.4483640095249777,0.041448735770699824
2018-07-03,1.2987419621856784,1.3430284451958885,-0.041791681784092295
2018-07-04,1.5273656827717947,1.0063622690426886,0.5153954449296057
2018-07-05,1.7380368114299731,1.2265607501519855,0.5117186182324842
2018-07-06,1.5010317916895224,1.2596643842026751,0.24234282431906928
2018-07-07,0.0,0.0,0.0
2018-07-08,0.0,0.0,0.0
2018-07-09,1.5668665193952032,1.5800334649363392,-0.016240668250581007
2018-07-10,1.5932004104774755,1.5536995738540669,0.036822739256931886
2018-07-11,2.2515476875342837,1.4088631729015693,0.8370300914141476
2018-07-12,1.6195343015597479,1.5010317916895224,0.11491397359975224
2018-07-13,1.4351970639838416,1.4483640095249777,-0.009242535945269238
2018-07-14,0.0,0.0,0.0
2018-07-15,0.0,0.0,0.0
2018-07-16,1.7775376480533818,1.3430284451958885,0.4399429428020123
2018-07-17,1.7775376480533818,1.4088631729015693,0.3753813310371215
2018-07-18,1.3430284451958885,1.2274806338508553,0.11427892993343003
2018-07-19,1.185866174703319,1.3693623362781608,-0.1814163251959675
2018-07-20,1.4483640095249777,1.5668665193952032,-0.115704661846443
2018-07-21,0.0,0.0,0.0
2018-07-22,0.0,0.0,0.0
2018-07-23,1.975041831170424,1.4351970639838416,0.5434331918145245
2018-07-24,2.1067112865817856,1.632701247100884,0.46993354622871963
2018-07-25,1.5800334649363392,2.225213796452011,-0.6492749158218539
2018-07-26,1.64586819264202,2.027709613334969,-0.37927926418075336
2018-07-27,1.5010317916895224,1.5405326283129308,-0.04278817108812699
2018-07-28,0.0,0.0,0.0
2018-07-29,0.0,0.0,0.0
2018-07-30,1.882873212382471,1.5932004104774755,0.2930789293950707
2018-07-31,2.1198782321229217,1.64586819264202,0.4741588397118078
2018-08-01,1.3166945541136161,1.124598384019866,0.19295395246015373
2018-08-02,1.5141987372306585,1.5405326283129308,-0.030019159845529178
2018-08-03,1.4220301184427053,1.3693623362781608,0.053361274784309305
2018-08-04,0.0,0.0,0.0
2018-08-05,0.0,0.0,0.0
2018-08-06,1.3561953907370246,1.5405326283129308,-0.19316543721387772
2018-08-07,1.3298614996547522,1.3298614996547522,-0.007080606377286946
2018-08-08,1.487864846148386,1.4483640095249777,0.03993042331100764
2018-08-09,1.6853690292654286,1.6195343015597479,0.07541159320464684
2018-08-10,1.7643707025122455,1.5932004104774755,0.16355085295571534
2018-08-11,0.0,0.0,0.0
2018-08-12,0.0,0.0,0.0
2018-08-13,1.4220301184427053,1.8038715391356541,-0.37159705862781156
2018-08-14,1.8302054302179263,1.5668665193952032,0.26145191132661316
2018-08-15,1.4220301184427053,1.3430284451958885,0.08545779343723796
2018-08-16,1.3561953907370246,1.197224178061924,0.15953389429796938
2018-08-17,1.2379131568608872,1.5800334649363392,-0.34018204805398294
2018-08-18,0.0,0.0,0.0
2018-08-19,0.0,0.0,0.0
2018-08-20,1.461530955066114,1.6063673560186116,-0.14281705776119605
2018-08-21,1.4088631729015693,1.5141987372306585,-0.10785330818096261
2018-08-22,1.4088631729015693,1.4220301184427053,-0.00898531187982494
2018-08-23,1.382529281819297,1.4220301184427053,-0.03424043436866286
2018-08-24,2.1593790687463303,1.5536995738540669,0.6079887556326539
2018-08-25,0.0,0.0,0.0
2018-08-26,0.0,0.0,0.0
2018-08-27,1.869706266841335,1.882873212382471,-0.014299899596812741
2018-08-28,1.6590351381831563,1.4351970639838416,0.22870957919642557
2018-08-29,1.6985359748065647,1.5273656827717947,0.1706014129676402
2018-08-30,1.5141987372306585,1.2565430752435254,0.26265251175003246
2018-08-31,1.7643707025122455,1.3693623362781608,0.38877482273764724
2018-09-01,0.0,0.0,0.0
2018-09-02,0.0,0.0,0.0
2018-09-03,1.235955067511602,1.4220301184427053,-0.1829053502343553
2018-09-04,1.1650617795054994,1.3298614996547522,-0.16156931280241116
2018-09-05,1.4220301184427053,1.1754378810215305,0.24440958356413786
2018-09-06,1.5405326283129308,1.4088631729015693,0.12458207884216607
2018-09-07,1.5668665193952032,1.301854742466525,0.2638628878800001
2018-09-08,0.0,0.0,0.0
2018-09-09,0.0,0.0,0.0
2018-09-10,1.7775376480533818,1.5800334649363392,0.18867013244397998
2018-09-11,1.461530955066114,1.382529281819297,0.07499455706520025
2018-09-12,1.3693623362781608,1.3430284451958885,0.020106200029788867
2018-09-13,1.711702920347701,1.1754888890970425,0.5336826405707468
2018-09-14,1.487864846148386,1.487864846148386,0.001998579591014275
2018-09-15,0.0,0.0,0.0
2018-09-16,0.0,0.0,0.0
2018-09-17,1.5668665193952032,1.6063673560186116,-0.03369292592566046
2018-09-18,1.1955893342499437,1.2649533251535339,-0.06936399090359015
2018-09-19,1.2305634179995537,1.395696227360433,-0.1608692121008547
2018-09-20,1.7907045935945178,1.711702920347701,0.07741357906998896
2018-09-21,1.7907045935945178,1.395696227360433,0.3864375474904126
2018-09-22,0.0,0.0,0.0
2018-09-23,0.0,0.0,0.0
2018-09-24,1.9882087767115604,1.64586819264202,0.3442974892627453
2018-09-25,2.027709613334969,2.7518916180974577,-0.7125150497709888
2018-09-26,1.5536995738540669,1.7380368114299731,-0.17734894669600146
2018-09-27,2.0145426677938327,1.9092071034647433,0.09902609992182176
2018-09-28,2.291048524157692,2.7518916180974577,-0.4616807416763866
2018-09-29,0.0,0.0,0.0
2018-09-30,0.0,0.0,0.0
2018-10-01,1.8302054302179263,1.5141987372306585,0.3181382166717069
2018-10-02,1.395696227360433,1.2409156927689369,0.1558946678678841
2018-10-03,1.3430284451958885,1.1773945864590047,0.16800387674110642
2018-10-04,1.4220301184427053,1.0990848681038834,0.32566452371973537
2018-10-05,1.285403674576536,1.395696227360433,-0.10550924260824295
2018-10-06,0.0,0.0,0.0
2018-10-07,0.0,0.0,0.0
2018-10-08,1.461530955066114,1.461530955066114,-0.002914184798899314
2018-10-09,2.198879905369739,1.461530955066114,0.745696239461465
2018-10-10,0.0,0.0,0.0
2018-10-11,1.4483640095249777,1.300285949662498,0.14627356772569983
2018-10-12,1.632701247100884,1.5536995738540669,0.08398388974045186
2018-10-13,0.0,0.0,0.0
2018-10-14,0.0,0.0,0.0
2018-10-15,1.6853690292654286,2.0145426677938327,-0.3197842221824239
2018-10-16,1.4351970639838416,1.5405326283129308,-0.10839133199908169
2018-10-17,1.3693623362781608,1.487864846148386,-0.10932554727299257
2018-10-18,1.3298614996547522,1.47469790060725,-0.14223276808783786
2018-10-19,1.3561953907370246,1.4351970639838416,-0.07886468362122498
2018-10-20,0.0,0.0,0.0
2018-10-21,0.0,0.0,0.0
2018-10-22,1.7512037569711094,1.5273656827717947,0.2199810966291174
2018-10-23,1.5010317916895224,1.5141987372306585,-0.008337977287232252
2018-10-24,1.3162500710548468,1.7512037569711094,-0.4380690467999328
2018-10-25,1.7907045935945178,3.199567766496087,-1.395696227360433
2018-10-26,1.487864846148386,1.5800334649363392,-0.09095723687451641
2018-10-27,0.0,0.0,0.0
2018-10-28,0.0,0.0,0.0
2018-10-29,2.2515476875342837,1.9092071034647433,0.33758975391764273
2018-10-30,1.5668665193952032,1.395696227360433,0.17487815955583283
2018-10-31,1.3693623362781608,2.291048524157692,-0.9207075153883547
2018-11-01,1.4483640095249777,1.5932004104774755,-0.147316452632055
2018-11-02,1.5668665193952032,1.298191055591037,0.27316919894248604
2018-11-03,0.0,0.0,0.0
2018-11-04,0.0,0.0,0.0
2018-11-05,0.0,0.0,0.0
2018-11-06,1.5800334649363392,1.6195343015597479,-0.03917553177582065
2018-11-07,1.306520544078694,1.21267751010681,0.09384303397188397
2018-11-08,1.724869865888837,1.7907045935945178,-0.06026103275509674
2018-11-09,1.6195343015597479,1.4351970639838416,0.18839517658727828
2018-11-10,0.0,0.0,0.0
2018-11-11,0.0,0.0,0.0
2018-11-12,1.6853690292654286,1.7775376480533818,-0.08889221710145634
2018-11-13,1.7380368114299731,1.3561953907370246,0.38152414013748115
2018-11-14,1.5800334649363392,1.2932350348277246,0.29107177846616644
2018-11-15,1.7775376480533818,1.6985359748065647,0.07960229958401724
2018-11-16,1.382529281819297,1.6590351381831563,-0.28236839554679943
2018-11-17,0.0,0.0,0.0
2018-11-18,0.0,0.0,0.0
2018-11-19,1.487864846148386,1.6853690292654286,-0.20462031457042992
2018-11-20,1.5141987372306585,1.487864846148386,0.020784980102110048
2018-11-21,1.3298614996547522,1.4088631729015693,-0.08208689216125017
2018-11-22,1.5405326283129308,1.382529281819297,0.1643886287145478
2018-11-23,1.6853690292654286,1.8302054302179263,-0.1454180275057847
2018-11-24,0.0,0.0,0.0
2018-11-25,0.0,0.0,0.0
2018-11-26,1.6722020837242924,2.5017196528158707,-0.8261369367976551
2018-11-27,1.711702920347701,2.185712959828603,-0.4756640886391491
2018-11-28,1.5141987372306585,1.64586819264202,-0.12969289453601798
2018-11-29,1.724869865888837,1.8170384846767902,-0.09646153433260249
2018-11-30,1.632701247100884,1.7775376480533818,-0.14500704446137533
2018-12-01,0.0,0.0,0.0
2018-12-02,0.0,0.0,0.0
2018-12-03,1.5273656827717947,1.6985359748065647,-0.1641241141008238
2018-12-04,1.4088631729015693,1.632701247100884,-0.2201784697616255
2018-12-05,1.395696227360433,1.5536995738540669,-0.15254496073945273
2018-12-06,1.5141987372306585,1.461530955066114,0.04860970588776534
2018-12-07,1.64586819264202,1.5536995738540669,0.0810475956293964
2018-12-08,0.0,0.0,0.0
2018-12-09,0.0,0.0,0.0
2018-12-10,2.0935443410406496,2.1462121232051943,-0.0585797363805897
2018-12-11,1.7380368114299731,2.040876558876105,-0.29951372080591715
2018-12-12,1.5273656827717947,1.5932004104774755,-0.06214287390278686
2018-12-13,1.711702920347701,1.6063673560186116,0.10088225214809
2018-12-14,1.724869865888837,2.0013757222526967,-0.2767550826001105
2018-12-15,0.0,0.0,0.0
2018-12-16,0.0,0.0,0.0
2018-12-17,2.133045177664058,2.4095510340279174,-0.28325852065838547
2018-12-18,2.0803773954995135,1.882873212382471,0.18971906324305315
2018-12-19,1.5932004104774755,1.869706266841335,-0.28062203642260375
2018-12-20,2.238380741993147,2.3437163063222366,-0.1067733614303083
2018-12-21,2.9098949645910914,1.8302054302179263,1.0792755951651447
2018-12-22,0.0,0.0,0.0
2018-12-23,0.0,0.0,0.0
2018-12-24,2.462218816192462,2.6728899448506405,-0.2182610763336086
2018-12-25,2.962562746755636,2.9888966378379087,-0.01691692311341853
2018-12-26,2.8835610735088193,2.4095510340279174,0.46515672918742274
2018-12-27,3.713078642600397,3.3707380585308573,0.33652461192255156
2018-12-28,3.8710819890940313,3.1600669298726785,0.7098058183454296
2018-12-29,2.3305493607811005,2.238380741993147,0.09657344881393899
2018-12-30,0.006266927319086633,0.040260088234608075,-0.03399316090893797
2018-12-31,0.0036355273650228027,4.623359622252196e-07,0.003635065028797238
2019-01-01,0.0,0.0,0.0
2019-01-02,0.0,0.0,0.0
2019-01-03,0.01818247710621397,0.07794543213324547,-0.05976295502703149
2019-01-04,0.007365565936732647,0.0009124851697863056,0.006453080766946342
2019-01-05,0.0,0.0,0.0
2019-01-06,0.00921896753935964,0.061997119594559856,-0.0527781520578336
2019-01-07,0.0,0.0,0.0
2019-01-08,0.006095640889325412,0.0018974453843861505,0.0041981955049392615
2019-01-09,1.6853690292654286,2.198879905369739,-0.515724768473809
2019-01-10,1.975041831170424,1.7907045935945178,0.18666943772931763
2019-01-11,2.0145426677938327,1.5273656827717947,0.4873593090336406
2019-01-12,0.0,0.0,0.0
2019-01-13,0.0,0.0,0.0
2019-01-14,1.7775376480533818,1.7907045935945178,-0.008353478395144028
2019-01-15,2.1593790687463303,1.5932004104774755,0.5656009328181929
2019-01-16,1.2258530644997807,1.975041831170424,-0.7531341927235033
2019-01-17,1.487864846148386,1.3049747384046986,0.18706169311107712
2019-01-18,1.487864846148386,1.47469790060725,0.011810050664317432
2019-01-19,0.0,0.0,0.0
2019-01-20,0.0,0.0,0.0
2019-01-21,1.8302054302179263,1.8565393213001986,-0.033657914056279555
2019-01-22,2.3963840884867813,1.7907045935945178,0.6060090525447586
2019-01-23,1.47469790060725,1.2063837809236462,0.26717369404468
2019-01-24,1.2930787602616798,1.5932004104774755,-0.30146218407782327
2019-01-25,1.961874885629288,2.040876558876105,-0.08028111561526668
2019-01-26,0.0,0.0,0.0
2019-01-27,0.0,0.0,0.0
2019-01-28,1.64586819264202,2.0013757222526967,-0.3526325746897782
2019-01-29,1.5010317916895224,1.4088631729015693,0.09417661262521011
2019-01-30,1.6985359748065647,1.5273656827717947,0.16935732125408015
2019-01-31,1.7512037569711094,1.6195343015597479,0.13392842010515393
2019-02-01,1.5668665193952032,1.6195343015597479,-0.05228170102688828
2019-02-02,0.0,0.0,0.0
2019-02-03,0.0,0.0,0.0
2019-02-04,1.5273656827717947,2.6728899448506405,-1.1463043660500296
2019-02-05,1.4220301184427053,1.4351970639838416,-0.01113695974475855
2019-02-06,1.3430284451958885,1.3430284451958885,0.00888023589787711
2019-02-07,1.47469790060725,1.3166945541136161,0.1551528056968243
2019-02-08,1.64586819264202,1.3298614996547522,0.3186062003713839
2019-02-09,0.0,0.0,0.0
2019-02-10,0.0,0.0,0.0
2019-02-11,1.5932004104774755,1.7907045935945178,-0.201240963920652
2019-02-12,2.514886598357007,1.5932004104774755,0.9249945659936186
2019-02-13,1.6590351381831563,1.47469790060725,0.19597577571820718
2019-02-14,1.8565393213001986,1.47469790060725,0.3868328144027893
2019-02-15,1.8170384846767902,1.7775376480533818,0.03706315074982107
2019-02-16,0.0,0.0,0.0
2019-02-17,0.0,0.0,0.0
2019-02-18,1.5932004104774755,2.1725460142874664,-0.5795129659580365
2019-02-19,1.3430284451958885,1.2064994946349499,0.1316148745246777
2019-02-20,1.9355409945470157,1.4351970639838416,0.4959178522339848
2019-02-21,1.8302054302179263,1.869706266841335,-0.03526479925509935
2019-02-22,1.7643707025122455,2.514886598357007,-0.7478045557197066
2019-02-23,0.0,0.0,0.0
2019-02-24,0.0,0.0,0.0
2019-02-25,2.027709613334969,2.5938882716038236,-0.5673445258041354
2019-02-26,1.961874885629288,1.724869865888837,0.23970750663516172
2019-02-27,1.6985359748065647,1.7512037569711094,-0.05079179052457979
2019-02-28,2.462218816192462,1.9355409945470157,0.5209887695839447
2019-03-01,1.6985359748065647,1.5405326283129308,0.1593501452278508
2019-03-02,0.0,0.0,0.0
2019-03-03,0.0,0.0,0.0
2019-03-04,1.5536995738540669,1.9882087767115604,-0.4385532152169004
2019-03-05,1.6063673560186116,1.8565393213001986,-0.24990610274131414
2019-03-06,1.5141987372306585,1.2344608872585272,0.27538315256461543
2019-03-07,1.7512037569711094,1.5536995738540669,0.19569705910535307
2019-03-08,0.0,0.0,0.0
2019-03-09,0.0,0.0,0.0
2019-03-10,0.0,0.0,0.0
2019-03-11,2.1198782321229217,1.9092071034647433,0.21294790846629308
2019-03-12,2.6333891082272323,2.9888966378379087,-0.36245728895182067
2019-03-13,1.5141987372306585,1.8038715391356541,-0.28725573787767655
2019-03-14,1.724869865888837,1.4483640095249777,0.2837458581089728
2019-03-15,1.64586819264202,1.6853690292654286,-0.03256291701286168
2019-03-16,0.0,0.0,0.0
2019-03-17,0.0,0.0,0.0
2019-03-18,1.6853690292654286,1.8302054302179263,-0.15279951345285142
2019-03-19,1.4088631729015693,1.5010317916895224,-0.09528013938711982
2019-03-20,1.382529281819297,1.711702920347701,-0.32932276493088497
2019-03-21,2.054043504417241,1.869706266841335,0.17771993713153839
2019-03-22,1.2603216243107822,1.711702920347701,-0.45694251346323017
2019-03-23,0.0,0.0,0.0
2019-03-24,0.0,0.0,0.0
2019-03-25,2.3305493607811005,2.9888966378379087,-0.6506686485416275
2019-03-26,1.3133453518585445,1.6590351381831563,-0.3465657592607896
2019-03-27,1.724869865888837,1.5405326283129308,0.19344070159844734
2019-03-28,2.040876558876105,2.2647146330754198,-0.2228700867634465
2019-03-29,3.0942322021669977,2.0145426677938327,1.0819422604101567
2019-03-30,0.0,0.0,0.0
2019-03-31,0.0,0.0,0.0
2019-04-01,1.47469790060725,3.1337330387904063,-1.6590351381831563
2019-04-02,1.254440684900794,1.5010317916895224,-0.2503199934423073
2019-04-03,1.5800334649363392,1.382529281819297,0.19545752979781517
2019-04-04,1.8038715391356541,1.975041831170424,-0.1734304524715548
2019-04-05,2.1593790687463303,1.4483640095249777,0.7087622109029379
2019-04-06,0.0,0.0,0.0
2019-04-07,0.0,0.0,0.0
2019-04-08,1.6853690292654286,1.7907045935945178,-0.09891806109140447
2019-04-09,1.724869865888837,1.632701247100884,0.09065800073572765
2019-04-10,1.8565393213001986,1.2374223225592371,0.6201162649669779
2019-04-11,1.3561953907370246,1.4351970639838416,-0.07920856504076258
2019-04-12,1.869706266841335,1.6853690292654286,0.18495449084226306
2019-04-13,0.0,0.0,0.0
2019-04-14,0.0,0.0,0.0
2019-04-15,1.8960401579236073,1.975041831170424,-0.08712659719815281
2019-04-16,1.4088631729015693,1.382529281819297,0.02684660473932495
2019-04-17,1.2233451476397086,1.5010317916895224,-0.2817807086829891
2019-04-18,1.632701247100884,1.7907045935945178,-0.1534347755456332
2019-04-19,1.8433723757590625,1.9487079400881517,-0.10465841433779305
2019-04-20,0.0,0.0,0.0
2019-04-21,0.0,0.0,0.0
2019-04-22,2.185712959828603,1.7907045935945178,0.39324889663737744
2019-04-23,2.238380741993147,1.7512037569711094,0.4938895631960444
2019-04-24,1.724869865888837,1.8038715391356541,-0.06983370060549036
2019-04-25,2.0803773954995135,3.0678983110847255,-0.9814275857726517
2019-04-26,1.6195343015597479,2.027709613334969,-0.4028313729273461
2019-04-27,0.0,0.0,0.0
2019-04-28,0.0,0.0,0.0
2019-04-29,2.488552707274734,2.6465560537683683,-0.15916454650472342
2019-04-30,2.238380741993147,2.040876558876105,0.19571621487807025
2019-05-01,0.0,0.0,0.0
2019-05-02,0.0,0.0,0.0
2019-05-03,0.0,0.0,0.0
2019-05-04,0.0,0.0,0.0
2019-05-05,0.0,0.0,0.0
2019-05-06,1.6985359748065647,2.2515476875342837,-0.5458754997995078
2019-05-07,2.8177263458031385,1.6722020837242924,1.1536042096534205
2019-05-08,1.6722020837242924,1.461530955066114,0.20937370660175436
2019-05-09,0.0,0.0,0.0
2019-05-10,0.0,0.0,0.0
2019-05-11,0.0,0.0,0.0
2019-05-12,0.0,0.0,0.0
2019-05-13,2.277881578616556,2.0013757222526967,0.281145888156893
2019-05-14,1.9882087767115604,1.7907045935945178,0.19507444689216102
2019-05-15,1.7512037569711094,1.6722020837242924,0.08181155151373198
2019-05-16,1.8038715391356541,1.8170384846767902,-0.008471007693935082
2019-05-17,1.47469790060725,1.8302054302179263,-0.3617833110225417
2019-05-18,0.0,0.0,0.0
2019-05-19,0.0,0.0,0.0
2019-05-20,1.7775376480533818,1.975041831170424,-0.19887671490828263
2019-05-21,1.882873212382471,1.6853690292654286,0.20198764145436732
2019-05-22,1.5668665193952032,1.461530955066114,0.10797036731709567
2019-05-23,1.5405326283129308,1.4220301184427053,0.12057951509246936
2019-05-24,1.6853690292654286,1.8433723757590625,-0.15684155975028416
2019-05-25,0.0,0.0,0.0
2019-05-26,0.0,0.0,0.0
2019-05-27,1.8960401579236073,2.5017196528158707,-0.6057732263089846
2019-05-28,1.7643707025122455,2.1067112865817856,-0.34370379221497327
2019-05-29,1.4220301184427053,1.961874885629288,-0.5359333399646476
2019-05-30,1.8433723757590625,2.238380741993147,-0.4066353789934461
2019-05-31,1.8302054302179263,2.0803773954995135,-0.24918889732164828
2019-06-01,0.0,0.0,0.0
2019-06-02,0.0,0.0,0.0
2019-06-03,1.6590351381831563,2.1198782321229217,-0.4623967528672588
2019-06-04,1.5932004104774755,2.0013757222526967,-0.3997523680211916
2019-06-05,1.5536995738540669,1.8302054302179263,-0.2706785603671995
2019-06-06,1.4220301184427053,1.9092071034647433,-0.4888117351907014
2019-06-07,1.7643707025122455,2.225213796452011,-0.45598261603570744
2019-06-08,0.0,0.0,0.0
2019-06-09,0.0,0.0,0.0
2019-06-10,2.0145426677938327,2.291048524157692,-0.2669776343808244
2019-06-11,1.8038715391356541,2.027709613334969,-0.22701160419933378
2019-06-12,0.0,0.0,0.0
2019-06-13,1.975041831170424,2.185712959828603,-0.21254024824542744
2019-06-14,1.9092071034647433,2.43588492511019,-0.535828456171387
2019-06-15,0.0,0.0,0.0
2019-06-16,0.0,0.0,0.0
2019-06-17,1.7512037569711094,2.3568832518633727,-0.5975843374547124
2019-06-18,1.4220301184427053,1.975041831170424,-0.55062866147512
2019-06-19,1.4088631729015693,1.8302054302179263,-0.4203168483043062
2019-06-20,1.5800334649363392,1.8302054302179263,-0.2521607653989898
2019-06-21,1.869706266841335,2.370050197404509,-0.4959197069431007
2019-06-22,0.0,0.0,0.0
2019-06-23,0.0,0.0,0.0
2019-06-24,1.6063673560186116,2.2647146330754198,-0.6544248207536116
2019-06-25,1.975041831170424,2.370050197404509,-0.3921347699312954
2019-06-26,1.6853690292654286,2.1593790687463303,-0.4759828666581661
2019-06-27,2.291048524157692,2.3173824152399645,-0.03251580676140503
2019-06-28,2.725557727015185,2.5017196528158707,0.22902183600915743
2019-06-29,0.0,0.0,0.0
2019-06-30,0.0,0.0,0.0
2019-07-01,1.7512037569711094,2.3568832518633727,-0.6074640216603456
2019-07-02,1.5405326283129308,1.869706266841335,-0.3277686243038561
2019-07-03,1.2466172781693934,1.8433723757590625,-0.5917871666657678
2019-07-04,2.0145426677938327,2.291048524157692,-0.2751980044933662
2019-07-05,1.6853690292654286,2.0935443410406496,-0.40438866048069316
2019-07-06,0.0,0.0,0.0
2019-07-07,0.0,0.0,0.0
2019-07-08,1.7380368114299731,2.1462121232051943,-0.4070406848854473
2019-07-09,1.487864846148386,1.8038715391356541,-0.3138787205992116
2019-07-10,1.5010317916895224,1.6853690292654286,-0.19595450719057542
2019-07-11,1.5010317916895224,1.7907045935945178,-0.28853579296993703
2019-07-12,1.7512037569711094,1.975041831170424,-0.22159775723164588
2019-07-13,0.0,0.0,0.0
2019-07-14,0.0,0.0,0.0
2019-07-15,2.1067112865817856,1.869706266841335,0.23782894504443225
2019-07-16,1.487864846148386,1.5141987372306585,-0.028649654858563023
2019-07-17,1.47469790060725,1.3693623362781608,0.11370643073312611
2019-07-18,1.869706266841335,1.6985359748065647,0.16679116654620352
2019-07-19,1.6722020837242924,1.6590351381831563,0.011637349576610575
2019-07-20,0.0,0.0,0.0
2019-07-21,0.0,0.0,0.0
2019-07-22,1.5273656827717947,1.882873212382471,-0.3474083503691106
2019-07-23,1.4483640095249777,1.6853690292654286,-0.22417461611323575
2019-07-24,1.3430284451958885,1.8960401579236073,-0.551731535841212
2019-07-25,1.711702920347701,2.3832171429456452,-0.678369865455045
2019-07-26,1.5536995738540669,2.1462121232051943,-0.5861913044776841
2019-07-27,0.0,0.0,0.0
2019-07-28,0.0,0.0,0.0
2019-07-29,1.8433723757590625,3.0547313655435895,-1.2160729093539955
2019-07-30,1.6590351381831563,2.2647146330754198,-0.600156362763761
2019-07-31,1.64586819264202,2.0672104499583774,-0.4186852475636806
2019-08-01,1.64586819264202,1.8302054302179263,-0.1847795069156226
2019-08-02,1.316432742568476,1.9092071034647433,-0.5935716475733787
2019-08-03,0.0,0.0,0.0
2019-08-04,0.0,0.0,0.0
2019-08-05,2.699223835932913,2.1462121232051943,0.5499987842680562
2019-08-06,1.7380368114299731,1.9355409945470157,-0.20287239083126257
2019-08-07,1.6985359748065647,1.8302054302179263,-0.12294025650954826
2019-08-08,1.9487079400881517,2.3963840884867813,-0.4428279058128807
2019-08-09,1.975041831170424,2.3173824152399645,-0.3470590755843421
2019-08-10,0.0,0.0,0.0
2019-08-11,0.0,0.0,0.0
2019-08-12,1.8960401579236073,1.882873212382471,0.0054557555883412425
2019-08-13,1.6853690292654286,1.7907045935945178,-0.111197599968531
2019-08-14,1.4351970639838416,1.5273656827717947,-0.09193767148484779
2019-08-15,1.64586819264202,1.7907045935945178,-0.1446847628761532
2019-08-16,1.5536995738540669,1.5932004104774755,-0.03802132134560304
2019-08-17,0.0,0.0,0.0
2019-08-18,0.0,0.0,0.0
2019-08-19,1.5405326283129308,1.6853690292654286,-0.1408106359519011
2019-08-20,1.5405326283129308,1.5141987372306585,0.03276825464639035
2019-08-21,1.3693623362781608,1.1882656976336194,0.18707163252225945
2019-08-22,2.1067112865817856,1.724869865888837,0.37714523416823065
2019-08-23,1.7380368114299731,1.5800334649363392,0.15689341556641803
2019-08-24,0.0,0.0,0.0
2019-08-25,2.328666487568718e-06,0.0,2.328666487568718e-06
2019-08-26,1.6722020837242924,2.0803773954995135,-0.4166632439120306
2019-08-27,1.5932004104774755,1.4483640095249777,0.1419795449989338
2019-08-28,1.47469790060725,1.395696227360433,0.07436859905214452
2019-08-29,1.632701247100884,1.395696227360433,0.23047407877700077
2019-08-30,1.7643707025122455,1.6063673560186116,0.15165345254557316
2019-08-31,1.3427037746527352e-05,0.0,1.3427037746527352e-05
2019-09-01,0.0,0.0006408578207987,-0.0006408578207987
2019-09-02,1.4351970639838416,1.632701247100884,-0.19644715247391542
2019-09-03,1.724869865888837,1.382529281819297,0.3380426929073411
2019-09-04,1.4088631729015693,1.2630144621649606,0.1433304589829779
2019-09-05,2.77822550917973,1.3693623362781608,1.4088631729015693
2019-09-06,1.3430284451958885,1.4483640095249777,-0.10856091605602018
2019-09-07,0.0,0.0,0.0
2019-09-08,0.0,0.0,0.0
2019-09-09,1.5273656827717947,1.6985359748065647,-0.17689978844987883
2019-09-10,1.8170384846767902,1.3110356258641334,0.5121451809862034
2019-09-11,1.144439597440434,1.2274901325907042,-0.08305053515027018
2019-09-12,2.1462121232051943,1.382529281819297,0.7676420667400249
2019-09-13,1.64586819264202,1.47469790060725,0.1714829326639645
2019-09-14,0.0,0.0,0.0
2019-09-15,0.0,0.0,0.0
2019-09-16,1.4220301184427053,1.7775376480533818,-0.35831451836505845
2019-09-17,1.3561953907370246,1.3298614996547522,0.02121157487784084
2019-09-18,1.382529281819297,1.4220301184427053,-0.04271667253296207
2019-09-19,1.869706266841335,1.3561953907370246,0.5185649104647064
2019-09-20,1.7380368114299731,1.6722020837242924,0.05936286731405073
2019-09-21,0.0,0.0,0.0
2019-09-22,0.0,0.0,0.0
2019-09-23,1.5536995738540669,1.9092071034647433,-0.3535669179332328
2019-09-24,1.9092071034647433,1.5141987372306585,0.4027536913588923
2019-09-25,1.6853690292654286,1.975041831170424,-0.29101771539594984
2019-09-26,1.8170384846767902,1.7775376480533818,0.033417823718359066
2019-09-27,1.8433723757590625,1.7775376480533818,0.06427873064466622
2019-09-28,0.0,0.0,0.0
2019-09-29,3.929316755833368e-06,0.0,3.929316755833368e-06
2019-09-30,2.0803773954995135,2.0672104499583774,0.010052029141946795
2019-10-01,1.5273656827717947,1.6722020837242924,-0.14388484158540757
2019-10-02,1.395696227360433,1.4088631729015693,-0.001976342888660013
2019-10-03,1.3561953907370246,1.2228140341111153,0.13409433373118643
2019-10-04,1.5932004104774755,1.487864846148386,0.11266588405246099
2019-10-05,0.0,0.0,0.0
2019-10-06,0.0005728044407805387,0.0,0.0005728044407805387
2019-10-07,1.6722020837242924,1.8302054302179263,-0.1576182335478171
2019-10-08,1.5668665193952032,1.5010317916895224,0.0687347543869294
2019-10-09,1.5010317916895224,1.3561953907370246,0.14519207680834023
2019-10-10,1.8960401579236073,1.5932004104774755,0.30434005317294327
2019-10-11,1.6063673560186116,1.382529281819297,0.22298965983815783
2019-10-12,0.0,0.0,0.0
2019-10-13,0.0,0.0,0.0
2019-10-14,2.054043504417241,1.882873212382471,0.17735922269381266
2019-10-15,1.7775376480533818,1.5141987372306585,0.261155384168367
2019-10-16,1.3561953907370246,1.246203039795203,0.11377838802467369
2019-10-17,1.6722020837242924,1.632701247100884,0.030328598023396013
2019-10-18,1.6722020837242924,1.5932004104774755,0.07780354396940296
2019-10-19,0.0,0.0,0.0
2019-10-20,0.0,0.0,0.0
2019-10-21,1.7775376480533818,2.3305493607811005,-0.5488158961777821
2019-10-22,1.5273656827717947,1.4220301184427053,0.10019749125409567
2019-10-23,1.2895990970397926,1.4351970639838416,-0.14403557357839472
2019-10-24,1.4483640095249777,1.64586819264202,-0.19260952960264852
2019-10-25,1.64586819264202,1.9092071034647433,-0.26741532311135724
2019-10-26,0.0,0.0,0.0
2019-10-27,0.0,0.0,0.0
2019-10-28,1.6063673560186116,1.975041831170424,-0.36026916295171746
2019-10-29,1.6195343015597479,1.6590351381831563,-0.03445347308529963
2019-10-30,1.5932004104774755,1.4483640095249777,0.14112169803549543
2019-10-31,2.1725460142874664,1.7643707025122455,0.3998645505025376
2019-11-01,1.7643707025122455,1.6590351381831563,0.10829333130560437
2019-11-02,0.0,0.00017046888621240466,-0.00017046888621240466
2019-11-03,0.0,4.2674123166604464e-05,-4.2674123166604464e-05
2019-11-04,0.0,2.884219420785876e-07,-2.884219420785876e-07
2019-11-05,1.7775376480533818,2.0145426677938327,-0.22782843167698394
2019-11-06,1.64586819264202,1.8302054302179263,-0.17957682483705067
2019-11-07,1.869706266841335,1.7907045935945178,0.08612059654033535
2019-11-08,1.961874885629288,1.7775376480533818,0.18652358266762334
2019-11-09,0.0,0.0,0.0
2019-11-10,0.0,0.0,0.0
2019-11-11,1.711702920347701,1.7380368114299731,-0.0348011194744122
2019-11-12,1.4483640095249777,1.8302054302179263,-0.3784509296353848
2019-11-13,1.487864846148386,1.5141987372306585,-0.027231288271546847
2019-11-14,1.5405326283129308,1.5405326283129308,0.009011659281510032
2019-11-15,1.6853690292654286,1.6985359748065647,-0.016037622468760178
2019-11-16,0.0,0.0,0.0
2019-11-17,0.0,0.0,0.0
2019-11-18,1.8565393213001986,2.304215469698828,-0.4569965413513683
2019-11-19,1.6985359748065647,1.47469790060725,0.23325555099161202
2019-11-20,1.4220301184427053,1.2894603946315906,0.12849762716005209
2019-11-21,1.3693623362781608,1.3298614996547522,0.038378075640120066
2019-11-22,1.1261130383465792,1.4351970639838416,-0.31057503534251846
2019-11-23,0.0,0.0,0.0
2019-11-24,0.0,0.0,0.0
2019-11-25,1.7380368114299731,1.9882087767115604,-0.24908924488752063
2019-11-26,1.1790278890405084,1.4483640095249777,-0.2723994670351482
2019-11-27,1.8170384846767902,1.3561953907370246,0.4592649622162746
2019-11-28,1.3693623362781608,1.5800334649363392,-0.2207016836890727
2019-11-29,1.8565393213001986,1.7512037569711094,0.0974668196829365
2019-11-30,0.0,0.0,0.0
2019-12-01,0.0,0.0,0.0
2019-12-02,1.1411842265392003,1.6722020837242924,-0.5308469092959345
2019-12-03,1.014251923667379,1.3298614996547522,-0.31969015179585675
2019-12-04,1.16786678675308,1.2628472627340284,-0.09498047598094825
2019-12-05,1.6985359748065647,1.47469790060725,0.2244332930826524
2019-12-06,1.0995560831563336,1.487864846148386,-0.3882360056110593
2019-12-07,0.0,0.0,0.0
2019-12-08,0.0,0.0,0.0
2019-12-09,1.5010317916895224,1.7380368114299731,-0.22945348903818816
2019-12-10,1.2820293990074143,1.5405326283129308,-0.25694290893060123
2019-12-11,1.5668665193952032,1.64586819264202,-0.07767456157156986
2019-12-12,1.4483640095249777,1.5010317916895224,-0.04562030356021698
2019-12-13,1.3014447175939097,1.711702920347701,-0.40543313142464044
2019-12-14,0.0,0.0,0.0
2019-12-15,0.0,0.0,0.0
2019-12-16,1.3158131341174035,1.9882087767115604,-0.6762905209537554
2019-12-17,1.6985359748065647,1.5010317916895224,0.20678560462337026
2019-12-18,1.5668665193952032,1.64586819264202,-0.08111276325380624
2019-12-19,1.64586819264202,1.6853690292654286,-0.04377019909637302
2019-12-20,1.632701247100884,1.882873212382471,-0.2484858266311878
2019-12-21,0.0,0.0,0.0
2019-12-22,0.0,0.0,0.0
2019-12-23,2.1725460142874664,2.2515476875342837,-0.08001930337227862
2019-12-24,2.936228855673364,1.9487079400881517,0.9956462538739902
2019-12-25,2.1067112865817856,2.2515476875342837,-0.1466673747529897
2019-12-26,2.9493958012145,2.3173824152399645,0.6365094222209261
2019-12-27,2.9493958012145,2.725557727015185,0.2240043735378499
2019-12-28,0.10378693330508655,0.0009590226741222348,0.10282791062359083
2019-12-29,0.0012338060135533738,0.00012620438391674381,0.0011076016296366297
2019-12-30,2.699223835932913,3.6604108604358525,-0.966615846869805
2019-12-31,1.0356521521182154,1.4483640095249777,-0.41133773038740207
2020-01-01,0.0,0.0,0.0
2020-01-02,0.0,2.01531709486278e-05,-2.01531709486278e-05
2020-01-03,0.019042046398297763,0.10108052624201368,-0.08203847984371591
2020-01-04,0.0,1.1850250987022544e-07,-1.1850250987022544e-07
2020-01-05,0.0,0.0,0.0
2020-01-06,0.017085040662296533,0.10165449588729478,-0.0845694552118313
2020-01-07,0.0,0.0,0.0
2020-01-08,0.006048744441413764,0.006876688860719534,-0.0008279444194374402
2020-01-09,1.8433723757590625,2.2647146330754198,-0.4226454750672002
2020-01-10,1.8038715391356541,1.487864846148386,0.3215791691922057
2020-01-11,0.0,0.0,0.0
2020-01-12,0.0,2.1602480871520455e-06,-2.1602480871520455e-06
2020-01-13,1.6853690292654286,1.8565393213001986,-0.1739709609317983
2020-01-14,1.5668665193952032,1.7380368114299731,-0.168409401112235
2020-01-15,1.6722020837242924,1.5405326283129308,0.12476300530100205
2020-01-16,1.487864846148386,1.4220301184427053,0.06512923847116248
2020-01-17,1.046938295989344,1.4220301184427053,-0.3791543653662435
2020-01-18,0.0,0.0,0.0
2020-01-19,0.0,0.0,0.0
2020-01-20,1.2753467719477694,1.8433723757590625,-0.5742354709802688
2020-01-21,1.6722020837242924,1.4483640095249777,0.22583443184061835
2020-01-22,1.0184590883995024,1.304575893085198,-0.2861168046856959
2020-01-23,1.2267504889182985,1.2837673234126303,-0.057016834494331654
2020-01-24,1.1243222187660493,1.487864846148386,-0.35875233327443046
2020-01-25,0.0,0.0,0.0
2020-01-26,0.0,0.0,0.0
2020-01-27,2.0935443410406496,3.265402494201768,-1.1746081926244873
2020-01-28,1.7512037569711094,2.238380741993147,-0.4917024587797449
2020-01-29,1.4220301184427053,1.382529281819297,0.040475891983474586
2020-01-30,1.382529281819297,1.7512037569711094,-0.36779338600144046
2020-01-31,1.6853690292654286,1.5800334649363392,0.10605953208131393
2020-02-01,0.0,0.0,0.0
2020-02-02,0.0,0.0,0.0
2020-02-03,1.1986985848676992,1.711702920347701,-0.5190350603112622
2020-02-04,1.4220301184427053,1.382529281819297,0.03193731330914352
2020-02-05,1.5273656827717947,1.4088631729015693,0.10695951510068939
2020-02-06,1.461530955066114,1.4088631729015693,0.046785086560527135
2020-02-07,1.869706266841335,1.3693623362781608,0.49846550185325905
2020-02-08,0.0,0.0,0.0
2020-02-09,0.0,0.0,0.0
2020-02-10,1.8038715391356541,1.9223740490058794,-0.1205693893558407
2020-02-11,1.1893777381951838,1.5536995738540669,-0.3634972478863707
2020-02-12,1.487864846148386,1.270606128811465,0.2197160382205426
2020-02-13,1.711702920347701,1.395696227360433,0.3098642378670721
2020-02-14,1.64586819264202,1.5536995738540669,0.08892390113068728
2020-02-15,0.0,0.0,0.0
2020-02-16,0.0,0.0,0.0
2020-02-17,1.5405326283129308,1.869706266841335,-0.32306262995840945
2020-02-18,1.3430284451958885,1.4351970639838416,-0.09234874939709976
2020-02-19,1.1164999634313684,1.2756600107381326,-0.15916004730676425
2020-02-20,1.7380368114299731,1.395696227360433,0.33831900079867877
2020-02-21,1.382529281819297,1.5800334649363392,-0.19995607152960473
2020-02-22,0.0,0.0,0.0
2020-02-23,0.0,0.0,0.0
2020-02-24,0.0,3.5465167815050247e-07,-3.5465167815050247e-07
2020-02-25,1.9882087767115604,2.3963840884867813,-0.40372860267257416
2020-02-26,1.382529281819297,1.6722020837242924,-0.2934106048059197
2020-02-27,1.9355409945470157,2.054043504417241,-0.11284714755876893
2020-02-28,1.882873212382471,1.8302054302179263,0.06166364143136209
2020-02-29,0.0,0.0,0.0
2020-03-01,0.0,0.0,0.0
2020-03-02,1.6063673560186116,1.9092071034647433,-0.3040550908063048
2020-03-03,1.47469790060725,1.4483640095249777,0.02917206237643057
2020-03-04,1.3561953907370246,1.3298614996547522,0.017103096902892405
2020-03-05,1.7775376480533818,1.5405326283129308,0.2403429818744579
2020-03-06,1.2178580742580933,1.5010317916895224,-0.28115475018275643
2020-03-07,0.0,0.0,0.0
2020-03-08,0.0,0.0,0.0
2020-03-09,0.0,4.608430939397656e-09,-4.608430939397656e-09
2020-03-10,2.1198782321229217,2.277881578616556,-0.1605815885101851
2020-03-11,1.8170384846767902,1.6985359748065647,0.1169028940235364
2020-03-12,1.487864846148386,1.461530955066114,0.030831119358576378
2020-03-13,1.8170384846767902,1.64586819264202,0.17442136009670348
2020-03-14,0.0,0.0,0.0
2020-03-15,0.0,0.0,0.0
2020-03-16,1.6722020837242924,1.9882087767115604,-0.30664912602102085
2020-03-17,1.395696227360433,1.5668665193952032,-0.17244984014695947
2020-03-18,1.176716099048382,1.4220301184427053,-0.2517503203296414
2020-03-19,1.4220301184427053,1.5536995738540669,-0.13081552793160411
2020-03-20,1.6985359748065647,1.7643707025122455,-0.0668464637138057
2020-03-21,0.0,0.0,0.0
2020-03-22,0.0,0.0,0.0
2020-03-23,1.711702920347701,1.882873212382471,-0.1741893726049004
2020-03-24,1.5536995738540669,1.6063673560186116,-0.06374615727048694
2020-03-25,1.6590351381831563,1.8038715391356541,-0.1501383952049907
2020-03-26,2.0935443410406496,2.2647146330754198,-0.16582401897712357
2020-03-27,2.475385761733598,2.6070552171449597,-0.11941193204902127
2020-03-28,0.0,0.0,0.0
2020-03-29,0.0,0.0,0.0
2020-03-30,1.5405326283129308,2.040876558876105,-0.5002646142130958
2020-03-31,1.0193468498205256,1.2547225895866712,-0.23537573976614554
2020-04-01,1.0093779111571595,0.871000856362575,0.1383770547814175
2020-04-02,0.9930555453275659,0.8620862860122812,0.13096925930211778
2020-04-03,0.8169640228781728,0.9457886000298233,-0.1288245771384836
2020-04-04,0.0,0.0,0.0
2020-04-05,0.0,1.2790831741753607e-05,-1.2790831741753607e-05
2020-04-06,1.4351970639838416,1.7643707025122455,-0.3291291616660556
2020-04-07,1.1131242011560918,1.5273656827717947,-0.40898895252287654
2020-04-08,1.3561953907370246,1.2443916733409925,0.11682570575469729
2020-04-09,1.47469790060725,1.3019080384304944,0.1685015750899698
2020-04-10,1.5010317916895224,1.487864846148386,0.012027180146846173
2020-04-11,0.0036078479701095725,0.009109958610529092,-0.00550211064041952
2020-04-12,0.0021598227684771756,0.0010001320709247725,0.0011596906971573946
2020-04-13,1.2451481559962128,1.395696227360433,-0.15346033099372813
2020-04-14,1.3018421447938744,1.209478903896013,0.0923632408978615
2020-04-15,1.3430284451958885,1.4088631729015693,-0.07322047633286397
2020-04-16,1.0150446106037352,1.1723477115857457,-0.15730310098201042
2020-04-17,1.1808866971318608,1.2452982446390737,-0.06441154750721287
2020-04-18,0.0003101354542717393,0.00270335391437419,-0.002393218459839112
2020-04-19,0.0,2.2083245554063957e-07,-2.2083245554063957e-07
2020-04-20,1.5800334649363392,1.7380368114299731,-0.16140989918388143
2020-04-21,1.107958056284874,1.1908543620117484,-0.0828963057268745
2020-04-22,0.8413943495514921,1.0035796055618464,-0.1621852560103544
2020-04-23,0.9079570727517046,1.2471982237545907,-0.3392411510028861
2020-04-24,1.3430284451958885,1.3561953907370246,-0.01555719059393217
2020-04-25,0.0014507444089415776,0.007474914961183052,-0.006024170550924779
2020-04-26,0.0,0.0,0.0
2020-04-27,1.461530955066114,2.0013757222526967,-0.5426619129359221
2020-04-28,1.3693623362781608,1.4088631729015693,-0.03628357818339253
2020-04-29,1.5932004104774755,1.4351970639838416,0.15129799702539737
2020-04-30,2.185712959828603,1.8960401579236073,0.28710161863528116
2020-05-01,0.0,0.0,0.0
2020-05-02,0.0,0.0,0.0
2020-05-03,0.0,0.0,0.0
2020-05-04,0.032137703015208956,0.12963454490084575,-0.0974968418856368
2020-05-05,0.008368812826642279,0.0015703988527429713,0.006798413973899308
2020-05-06,1.262726830371284,2.212046850910875,-0.9534748960655678
2020-05-07,1.5932004104774755,1.3561953907370246,0.24300328261300388
2020-05-08,1.64586819264202,1.5800334649363392,0.06552261962676575
2020-05-09,0.0,0.0,0.0
2020-05-10,0.0038390690956477754,0.011225095060838259,-0.007386025965190484
2020-05-11,0.0,8.58221510371255e-06,-8.58221510371255e-06
2020-05-12,1.8565393213001986,2.0935443410406496,-0.23764587997080064
2020-05-13,1.487864846148386,1.3693623362781608,0.11454488677536691
2020-05-14,1.632701247100884,1.6063673560186116,0.03617905004249791
2020-05-15,2.1198782321229217,1.8038715391356541,0.3118943466427211
2020-05-16,0.05296940336384873,0.00936178511707035,0.04360761824809507
2020-05-17,0.008871955812822479,0.0008676513853833118,0.008004304428360854
2020-05-18,1.461530955066114,1.869706266841335,-0.4048087632017563
2020-05-19,1.5668665193952032,1.4220301184427053,0.15119891893343418
2020-05-20,1.5010317916895224,1.5010317916895224,0.004294759198797758
2020-05-21,1.3693623362781608,1.4483640095249777,-0.07754178507887824
2020-05-22,1.0657235613135467,1.5141987372306585,-0.45013138463876506
2020-05-23,0.005403917679253319,0.003126904467278674,0.0022770132119746453
2020-05-24,0.0,0.0,0.0
2020-05-25,1.461530955066114,1.6590351381831563,-0.1951921256515843
2020-05-26,0.9355654090964218,1.2723113858141222,-0.3367459767177004
2020-05-27,1.1163526842591782,1.5273656827717947,-0.409973944134058
2020-05-28,1.6853690292654286,1.5668665193952032,0.11832650226623694
2020-05-29,1.6195343015597479,1.7380368114299731,-0.11264680878244884
2020-05-30,0.005026434391131809,0.004884788636023509,0.0001416457549766309
2020-05-31,0.0,0.0,0.0
2020-06-01,1.461530955066114,1.5141987372306585,-0.04847874681539981
2020-06-02,1.2351147627248715,1.3693623362781608,-0.1304634028849674
2020-06-03,1.1849569234841442,1.2782887868464903,-0.09333186336234625
2020-06-04,1.5273656827717947,1.3561953907370246,0.16942178906850144
2020-06-05,1.7643707025122455,1.47469790060725,0.2951908023218088
2020-06-06,0.0013044417329835351,0.008269434042460477,-0.006964992309476941
2020-06-07,0.0,0.0,0.0
2020-06-08,1.5010317916895224,1.6195343015597479,-0.11821256734344104
2020-06-09,1.4088631729015693,2.8835610735088193,-1.47469790060725
2020-06-10,1.869706266841335,1.632701247100884,0.23313686294631217
2020-06-11,2.3832171429456452,2.1198782321229217,0.25698322755304526
2020-06-12,0.0,0.0,0.0
2020-06-13,0.0,0.0,0.0
2020-06-14,0.0022326054089388905,0.01947385416527247,-0.017241248748433413
2020-06-15,1.7907045935945178,2.212046850910875,-0.42516870042383786
2020-06-16,1.47469790060725,1.8038715391356541,-0.33566172362533825
2020-06-17,1.5405326283129308,1.461530955066114,0.08699560925067572
2020-06-18,1.5010317916895224,1.5536995738540669,-0.05607675150280983
2020-06-19,1.5668665193952032,1.7380368114299731,-0.17321683517299707
2020-06-20,0.001188840641066692,0.026855878008398445,-0.02566703736588339
2020-06-21,0.0,0.0,0.0
2020-06-22,2.027709613334969,2.277881578616556,-0.2428429523117256
2020-06-23,1.6722020837242924,2.0803773954995135,-0.39893827330358766
2020-06-24,0.0,0.0,0.0
2020-06-25,2.3568832518633727,2.5017196528158707,-0.14102833576725943
2020-06-26,1.6590351381831563,2.238380741993147,-0.5849249520149771
2020-06-27,0.001397881389941938,0.01098204425371536,-0.00958416286377342
2020-06-28,0.0,0.0,0.0
2020-06-29,2.2515476875342837,2.3305493607811005,-0.0730568445516607
2020-06-30,2.370050197404509,2.1462121232051943,0.22318027273165145
2020-07-01,0.0062183297097112376,0.03525811023609333,-0.02903978052638209
2020-07-02,2.225213796452011,2.541220489439279,-0.31075768214179106
2020-07-03,2.0803773954995135,1.975041831170424,0.11302842334983706
2020-07-04,0.0,0.0,0.0
2020-07-05,0.0,0.0,0.0
2020-07-06,1.8433723757590625,2.0935443410406496,-0.25512823763889464
2020-07-07,1.6195343015597479,1.461530955066114,0.14992078118544952
2020-07-08,1.461530955066114,1.4351970639838416,0.025011624382141263
2020-07-09,1.7643707025122455,1.64586819264202,0.11320293204191212
2020-07-10,1.961874885629288,1.7907045935945178,0.1782888408998581
2020-07-11,0.0,1.3454643301209987e-07,-1.3454643301209987e-07
2020-07-12,0.0,0.0,0.0
2020-07-13,1.7512037569711094,1.9223740490058794,-0.17812491852416676
2020-07-14,1.6195343015597479,1.711702920347701,-0.0867557837395309
2020-07-15,1.6722020837242924,1.6985359748065647,-0.023351459796536533
2020-07-16,1.64586819264202,1.487864846148386,0.15084342106836154
2020-07-17,1.3561953907370246,1.5932004104774755,-0.2360409726447053
2020-07-18,0.0,0.0,0.0
2020-07-19,0.0,0.0,0.0
2020-07-20,1.711702920347701,1.8302054302179263,-0.11471887767730855
2020-07-21,1.6722020837242924,1.5010317916895224,0.16723640626983227
2020-07-22,1.395696227360433,1.3693623362781608,0.020900780004239335
2020-07-23,1.47469790060725,1.5800334649363392,-0.09802850272465534
2020-07-24,1.8433723757590625,1.6063673560186116,0.22608119292182446
2020-07-25,0.0,0.0,0.0
2020-07-26,0.0,0.0,0.0
2020-07-27,1.5536995738540669,2.5543874349804154,-0.9995798670699884
2020-07-28,1.5932004104774755,1.7380368114299731,-0.1383780234209332
2020-07-29,1.4483640095249777,1.5932004104774755,-0.14061061324810872
2020-07-30,1.869706266841335,1.7643707025122455,0.10258523302037234
2020-07-31,1.724869865888837,1.724869865888837,0.0036204317726998042
2020-08-01,0.0,0.0,0.0
2020-08-02,0.0,0.0,0.0
2020-08-03,1.5536995738540669,1.8170384846767902,-0.25738102653488426
2020-08-04,1.4351970639838416,1.461530955066114,-0.025466619982898425
2020-08-05,1.6853690292654286,1.47469790060725,0.21253056037557275
2020-08-06,1.6722020837242924,1.5932004104774755,0.0691039654414459
2020-08-07,1.8170384846767902,1.632701247100884,0.17338730874927546
2020-08-08,0.0,0.0,0.0
2020-08-09,0.0,0.0,0.0
2020-08-10,1.8960401579236073,1.9355409945470157,-0.04282118492618981
2020-08-11,1.711702920347701,1.711702920347701,0.0024595964320173183
2020-08-12,1.64586819264202,1.5668665193952032,0.08688313422613364
2020-08-13,1.8960401579236073,2.040876558876105,-0.15306037171113418
2020-08-14,1.8960401579236073,1.961874885629288,-0.06448507698472584
2020-08-15,0.0,1.5339491555423628e-06,-1.5339491555423628e-06
2020-08-16,0.0,0.0,0.0
2020-08-17,1.6063673560186116,2.054043504417241,-0.44957003990854494
2020-08-18,1.3693623362781608,1.7512037569711094,-0.37773801332189505
2020-08-19,1.5141987372306585,1.64586819264202,-0.1282857423813556
2020-08-20,1.8302054302179263,2.133045177664058,-0.3095598128588837
2020-08-21,1.8038715391356541,1.9092071034647433,-0.11026648790667916
2020-08-22,0.0,1.0533556432908928e-07,-1.0533556432908928e-07
2020-08-23,0.0,0.0,0.0
2020-08-24,1.724869865888837,2.0672104499583774,-0.3476860284128013
2020-08-25,1.8960401579236073,1.9882087767115604,-0.08489857969815201
2020-08-26,1.3298614996547522,1.6195343015597479,-0.2833861400271831
2020-08-27,1.6590351381831563,1.6722020837242924,-0.003954487319626495
2020-08-28,1.5800334649363392,1.882873212382471,-0.3101929814863261
2020-08-29,0.0,0.0,0.0
2020-08-30,0.0,0.0,0.0
2020-08-31,1.882873212382471,2.1593790687463303,-0.2845196677666769
2020-09-01,1.4220301184427053,1.711702920347701,-0.29470014424655766
2020-09-02,1.3013034550969853,1.3430284451958885,-0.0465495293517845
2020-09-03,1.487864846148386,1.5405326283129308,-0.05768062746206093
2020-09-04,1.5932004104774755,1.711702920347701,-0.12595198363026663
2020-09-05,0.0,0.0,0.0
2020-09-06,0.0,0.0,0.0
2020-09-07,1.8302054302179263,2.0145426677938327,-0.18517567968751866
2020-09-08,1.382529281819297,1.5668665193952032,-0.17375725641539333
2020-09-09,1.5141987372306585,1.395696227360433,0.11783226112276346
2020-09-10,1.9882087767115604,1.7907045935945178,0.1991259267530623
2020-09-11,1.632701247100884,1.6590351381831563,-0.03053637404356944
2020-09-12,0.0,0.0,0.0
2020-09-13,0.0,0.0,0.0
2020-09-14,2.0145426677938327,2.3305493607811005,-0.31598531132924
2020-09-15,2.0013757222526967,1.9355409945470157,0.06621163170613306
2020-09-16,1.4220301184427053,1.5405326283129308,-0.12203063579954757
2020-09-17,1.6985359748065647,1.9355409945470157,-0.23584451450957677
2020-09-18,1.7512037569711094,1.64586819264202,0.10506549225049214
2020-09-19,0.0,0.0,0.0
2020-09-20,0.0,0.0,0.0
2020-09-21,1.975041831170424,2.0672104499583774,-0.10237278644761046
2020-09-22,1.47469790060725,1.6985359748065647,-0.23261377105011624
2020-09-23,1.461530955066114,1.6985359748065647,-0.2314920344815248
2020-09-24,1.8960401579236073,2.0145426677938327,-0.12156435475709931
2020-09-25,1.7775376480533818,1.9882087767115604,-0.2147717944078316
2020-09-26,0.0,1.5800334649363394e-07,-1.5800334649363394e-07
2020-09-27,0.0,0.0,0.0
2020-09-28,2.2515476875342837,2.5017196528158707,-0.2508342387838009
2020-09-29,2.0672104499583774,2.040876558876105,0.027268689665037614
2020-09-30,2.185712959828603,2.3437163063222366,-0.15747427421027405
2020-10-01,1.5932004104774755,1.9882087767115604,-0.3837856165709718
2020-10-02,1.5536995738540669,1.6195343015597479,-0.06423238003379866
2020-10-03,0.0,2.633389108227232e-08,-2.633389108227232e-08
2020-10-04,0.0,9.839000055613997e-08,-9.839000055613997e-08
2020-10-05,1.8433723757590625,2.1593790687463303,-0.31463379953953446
2020-10-06,1.6195343015597479,1.7380368114299731,-0.11817694828036651
2020-10-07,1.47469790060725,1.5932004104774755,-0.1193498787495725
2020-10-08,1.64586819264202,1.711702920347701,-0.06407868782178106
2020-10-09,1.869706266841335,1.8302054302179263,0.03642000571207936
2020-10-10,0.0,7.043162440078442e-07,-7.043162440078442e-07
2020-10-11,0.0,0.0,0.0
2020-10-12,1.8433723757590625,2.054043504417241,-0.21522084837174554
2020-10-13,1.711702920347701,1.6590351381831563,0.04274048380844895
2020-10-14,1.711702920347701,2.3963840884867813,-0.6888276901466306
2020-10-15,1.9355409945470157,1.9355409945470157,-0.005482300208486733
2020-10-16,1.6063673560186116,1.8170384846767902,-0.2088984992919154
2020-10-17,0.0,0.0,0.0
2020-10-18,0.0,0.0,0.0
2020-10-19,1.7775376480533818,2.212046850910875,-0.44181655643894463
2020-10-20,1.8302054302179263,2.027709613334969,-0.19855873593852275
2020-10-21,1.5536995738540669,1.8302054302179263,-0.27748957820748066
2020-10-22,1.5405326283129308,1.9355409945470157,-0.40528200750435234
2020-10-23,1.7512037569711094,1.9487079400881517,-0.18741779927586683
2020-10-24,0.0,0.0,0.0
2020-10-25,0.0,0.0,0.0
2020-10-26,1.869706266841335,2.7518916180974577,-0.8823692456234854
2020-10-27,1.8038715391356541,2.0935443410406496,-0.2873648811514859
2020-10-28,1.7907045935945178,2.449051870651326,-0.6589571835230604
2020-10-29,1.8302054302179263,2.3832171429456452,-0.5590801568157022
2020-10-30,2.1462121232051943,2.449051870651326,-0.30740236380101477
2020-10-31,0.0022692306083566165,0.021714834128150166,-0.019445603509259994
2020-11-01,0.0,0.0,0.0
2020-11-02,1.8170384846767902,2.6597229993095044,-0.8347387999466778
2020-11-03,1.7380368114299731,1.8302054302179263,-0.09235543849510747
2020-11-04,0.0,0.0,0.0
2020-11-05,2.0803773954995135,2.1462121232051943,-0.060586567760892635
2020-11-06,1.9223740490058794,1.9223740490058794,-0.008951620982938753
2020-11-07,0.0,0.0,0.0
2020-11-08,0.0,0.0,0.0
2020-11-09,1.9487079400881517,2.277881578616556,-0.32569350461454755
2020-11-10,1.9092071034647433,2.1462121232051943,-0.2436658335032594
2020-11-11,1.7775376480533818,1.6985359748065647,0.07532616294140985
2020-11-12,2.133045177664058,2.212046850910875,-0.07889318521288557
2020-11-13,2.0672104499583774,2.304215469698828,-0.24156259503806493
2020-11-14,0.0,0.0,0.0
2020-11-15,0.0,0.0,0.0
2020-11-16,1.8565393213001986,2.8572271824265467,-1.0014684066642174
2020-11-17,1.5536995738540669,1.8433723757590625,-0.28628727294252826
2020-11-18,1.724869865888837,2.027709613334969,-0.3048382539461146
2020-11-19,2.0013757222526967,2.0935443410406496,-0.09184364636623937
2020-11-20,2.0672104499583774,2.2647146330754198,-0.19447757021137807
2020-11-21,0.0,0.0,0.0
2020-11-22,0.0,0.0,0.0
2020-11-23,2.0672104499583774,2.541220489439279,-0.4680990595529921
2020-11-24,1.8565393213001986,2.0803773954995135,-0.22111636320860634
2020-11-25,2.0672104499583774,2.7387246725563217,-0.6719353468896441
2020-11-26,1.9355409945470157,2.541220489439279,-0.6092524944698379
2020-11-27,2.0013757222526967,2.3173824152399645,-0.3158146420921509
2020-11-28,0.0,0.0,0.0
2020-11-29,0.0,0.0,0.0
2020-11-30,2.6070552171449597,3.1600669298726785,-0.55362725892592
2020-12-01,1.6195343015597479,2.370050197404509,-0.7552320454339614
2020-12-02,1.632701247100884,1.8170384846767902,-0.17744514632249905
2020-12-03,1.7643707025122455,1.975041831170424,-0.219975558085145
2020-12-04,1.8960401579236073,2.054043504417241,-0.15493387930148714
2020-12-05,0.0,0.0,0.0
2020-12-06,0.0,0.0,0.0
2020-12-07,2.1725460142874664,2.462218816192462,-0.28460386302308993
2020-12-08,1.7512037569711094,2.0803773954995135,-0.33294080953767485
2020-12-09,1.8170384846767902,1.8433723757590625,-0.03013042876469274
2020-12-10,2.5675543805215515,2.4227179795690534,0.15018542141183397
2020-12-11,2.488552707274734,2.1067112865817856,0.37437605672068786
2020-12-12,0.0,0.0,0.0
2020-12-13,0.0,0.0,0.0
2020-12-14,2.4095510340279174,2.962562746755636,-0.5596387561851093
2020-12-15,2.3963840884867813,2.620222162686096,-0.2292225659622626
2020-12-16,2.43588492511019,2.3437163063222366,0.09277589312912406
2020-12-17,2.449051870651326,2.9098949645910914,-0.461916813936538
2020-12-18,2.620222162686096,2.7387246725563217,-0.10752051667397482
2020-12-19,0.0,0.0,0.0
2020-12-20,0.0,0.0,0.0
2020-12-21,3.028397474461317,3.8447480980117588,-0.8188667150559854
2020-12-22,2.4227179795690534,2.6333891082272323,-0.21150981098754545
2020-12-23,2.5675543805215515,2.462218816192462,0.10120903526182069
2020-12-24,3.6472439148947164,3.423405840695402,0.22614707881628052
2020-12-25,4.108087008834482,3.950083662340848,0.16126496233230142
2020-12-26,0.16708654936521272,0.03252638303140928,0.1345601663206365
2020-12-27,0.0,0.0,0.0
2020-12-28,5.108774869960831,5.003439305631741,0.11104258584784885
2020-12-29,4.2924242464103886,4.2792573008692525,0.006132159314031662
2020-12-30,4.48992842952743,4.331925083033797,0.15931618225051863
2020-12-31,1.5536995738540669,1.8565393213001986,-0.30513709368084085
2021-01-01,0.0,0.0,0.0
2021-01-02,0.0,0.0,0.0
2021-01-03,0.0,0.0,0.0
2021-01-04,0.03855482844055842,0.18399016042018332,-0.14543533197962488
2021-01-05,0.01155015230664858,0.023728939271510614,-0.012178786964862033
2021-01-06,0.010826274034352447,0.01116797851011595,-0.00034170447694852746
2021-01-07,0.0,0.0,0.0
2021-01-08,0.022499356083572893,0.1515854248630876,-0.1290860687795147
2021-01-09,0.0,0.0,0.0
2021-01-10,0.0,0.0,0.0
2021-01-11,3.265402494201768,3.5419083505656275,-0.2800631219945239
2021-01-12,2.370050197404509,3.265402494201768,-0.9064689281079634
2021-01-13,1.6722020837242924,1.8565393213001986,-0.18199072468935276
2021-01-14,2.1067112865817856,2.291048524157692,-0.17792121184068144
2021-01-15,2.1462121232051943,2.8440602368854107,-0.7067068416977758
2021-01-16,0.0,0.0,0.0
2021-01-17,0.0,0.0,0.0
2021-01-18,2.1198782321229217,2.9493958012145,-0.8241878709799871
2021-01-19,1.6063673560186116,1.9882087767115604,-0.3795636241728003
2021-01-20,1.9487079400881517,2.1198782321229217,-0.16076527179824376
2021-01-21,1.7643707025122455,2.1462121232051943,-0.3863085076451961
2021-01-22,1.632701247100884,2.304215469698828,-0.66092914314345
2021-01-23,0.00014429107820928825,0.027503427731764247,-0.02735913665302828
2021-01-24,0.0,0.0,0.0
2021-01-25,2.1593790687463303,3.423405840695402,-1.2686044051921772
2021-01-26,1.7380368114299731,2.1067112865817856,-0.376769247561542
2021-01-27,1.8038715391356541,1.975041831170424,-0.17035302280609702
2021-01-28,2.541220489439279,2.2647146330754198,0.27759232017321095
2021-01-29,2.2515476875342837,2.6597229993095044,-0.4013235677955313
2021-01-30,0.0,0.0,0.0
2021-01-31,0.0,0.0,0.0
2021-02-01,2.1198782321229217,2.5675543805215515,-0.45033789582898287
2021-02-02,1.5010317916895224,1.8960401579236073,-0.3921583388033149
2021-02-03,1.5668665193952032,2.040876558876105,-0.4794945892330669
2021-02-04,1.6590351381831563,2.040876558876105,-0.3839021144660512
2021-02-05,1.9882087767115604,2.054043504417241,-0.06224153722279854
2021-02-06,0.0,0.0,0.0
2021-02-07,0.0,0.0,0.0
2021-02-08,1.8170384846767902,2.6070552171449597,-0.7957897798065156
2021-02-09,1.7775376480533818,2.291048524157692,-0.5163336111956981
2021-02-10,2.3173824152399645,2.0935443410406496,0.2163811957177757
2021-02-11,1.9223740490058794,2.054043504417241,-0.12882981708246505
2021-02-12,2.6728899448506405,3.015230528920181,-0.3357839923293094
2021-02-13,0.0,0.0,0.0
2021-02-14,0.0,0.0,0.0
2021-02-15,2.3568832518633727,2.6465560537683683,-0.2903031174001756
2021-02-16,1.7643707025122455,2.0013757222526967,-0.2382820608267084
2021-02-17,1.64586819264202,1.8302054302179263,-0.1880222060011353
2021-02-18,1.7775376480533818,2.2515476875342837,-0.47230914643850613
2021-02-19,1.8565393213001986,2.3437163063222366,-0.4882329486685661
2021-02-20,1.7907045935945178,2.0672104499583774,-0.2660525663156504
2021-02-21,0.0,0.0,0.0
2021-02-22,0.013983318508993186,0.023701669592441785,-0.00971835109529885
2021-02-23,0.0,0.0,0.0
2021-02-24,2.475385761733598,3.357571112989721,-0.8736723604864074
2021-02-25,2.5807213260626876,3.1073991477081337,-0.5295039396279835
2021-02-26,2.620222162686096,2.975729692296772,-0.3558107204020575
2021-02-27,0.0,0.0,0.0
2021-02-28,0.0,0.0,0.0
2021-03-01,2.0935443410406496,2.975729692296772,-0.8777018607519499
2021-03-02,1.9223740490058794,2.370050197404509,-0.44846387742697763
2021-03-03,1.6985359748065647,1.9355409945470157,-0.23196498360753567
2021-03-04,2.0145426677938327,2.0013757222526967,0.008114340480329092
2021-03-05,2.370050197404509,2.3568832518633727,0.013004348448797491
2021-03-06,0.0,0.0,0.0
2021-03-07,0.0,0.0,0.0
2021-03-08,0.0,1.6071442058055386e-05,-1.6071442058055386e-05
2021-03-09,2.0803773954995135,3.3312372219074486,-1.259842582483562
2021-03-10,2.1725460142874664,2.1462121232051943,0.024578182241717365
2021-03-11,1.8302054302179263,2.1462121232051943,-0.3182100259799535
2021-03-12,2.133045177664058,2.6728899448506405,-0.5418138834445834
2021-03-13,0.0,0.0,0.0
2021-03-14,0.0,0.0,0.0
2021-03-15,2.4227179795690534,3.041564420002453,-0.6186448469656719
2021-03-16,1.6590351381831563,2.1725460142874664,-0.5123499810265125
2021-03-17,1.8170384846767902,2.225213796452011,-0.4132038915858259
2021-03-18,2.040876558876105,2.5017196528158707,-0.47321362223037133
2021-03-19,2.1067112865817856,2.699223835932913,-0.5940015981953526
2021-03-20,0.0,0.0,0.0
2021-03-21,0.0,0.0,0.0
2021-03-22,1.961874885629288,2.77822550917973,-0.8108839317841737
2021-03-23,2.488552707274734,2.3963840884867813,0.0980407750157478
2021-03-24,1.9355409945470157,2.528053543898143,-0.5877780991954896
2021-03-25,2.304215469698828,3.173233875413815,-0.8698100264842614
2021-03-26,2.1725460142874664,4.687432612644473,-2.514886598357007
2021-03-27,0.0,0.0,0.0
2021-03-28,0.0,0.0,0.0
2021-03-29,2.3568832518633727,3.3707380585308573,-1.0176794994533935
2021-03-30,2.3173824152399645,2.5675543805215515,-0.25968688501554854
2021-03-31,2.528053543898143,2.528053543898143,-0.004878132738468992
